condition,label,experiment_id,commit,ts,elapsed_s,fusion_criteria,mIoU,mAcc,AP,AP_agnostic,Num_Instances,n_scenes,per_scene,th_aabb,th_cossim,th_points,th_overlap_ratio,th_overlap_cos,th_overlap_ratio_low,cooccurrence_veto_threshold
light,smoke1,20260613_GT_CLIP_smoke1_a46f7,5fb61fe,2026-06-13T20:22:42.077742,46.552435,"[""centroid"", ""cos_sim"", ""overlap""]",0.29017610939133637,0.38933212587545535,0.0,0.128,102.0,1,"[{""Scene"": ""office0"", ""mIoU"": 0.29017610939133637, ""mAcc"": 0.38933212587545535, ""AP_agnostic"": 0.128, ""Num_Instances"": 102.0}]",,,,,,,
light,smoke2,20260613_GT_CLIP_smoke2_fbcce,5fb61fe,2026-06-13T20:24:05.447286,46.854913,"[""centroid"", ""cos_sim"", ""overlap""]",0.29017610939133637,0.38933212587545535,0.0,0.128,102.0,1,"[{""Scene"": ""office0"", ""mIoU"": 0.29017610939133637, ""mAcc"": 0.38933212587545535, ""AP_agnostic"": 0.128, ""Num_Instances"": 102.0}]",,,,,,,
light,abl-centroid-cossim-overlap,20260613_GT_CLIP_abl-centroid-cossim-overlap_3688f,5fb61fe,2026-06-13T20:25:27.247535,325.029507,"[""centroid"", ""cos_sim"", ""overlap""]",0.2663235017641644,0.39971465458992234,0.0,0.154,68.0,8,"[{""Scene"": ""office0"", ""mIoU"": 0.29017610939133637, ""mAcc"": 0.38933212587545535, ""AP_agnostic"": 0.128, ""Num_Instances"": 102.0}, {""Scene"": ""office1"", ""mIoU"": 0.18713595369727193, ""mAcc"": 0.351050071573652, ""AP_agnostic"": 0.173, ""Num_Instances"": 51.0}, {""Scene"": ""office2"", ""mIoU"": 0.25612396976658686, ""mAcc"": 0.31914186708056963, ""AP_agnostic"": 0.091, ""Num_Instances"": 85.0}, {""Scene"": ""office3"", ""mIoU"": 0.2556942634072242, ""mAcc"": 0.3221447274897325, ""AP_agnostic"": 0.17, ""Num_Instances"": 135.0}, {""Scene"": ""office4"", ""mIoU"": 0.4585752562922962, ""mAcc"": 0.5898525139090869, ""AP_agnostic"": 0.16, ""Num_Instances"": 95.0}, {""Scene"": ""room0"", ""mIoU"": 0.31872292681742037, ""mAcc"": 0.39221527525906175, ""AP_agnostic"": 0.183, ""Num_Instances"": 103.0}, {""Scene"": ""room1"", ""mIoU"": 0.40681707468017003, ""mAcc"": 0.5550383770352862, ""AP_agnostic"": 0.227, ""Num_Instances"": 68.0}, {""Scene"": ""room2"", ""mIoU"": 0.2753365290648517, ""mAcc"": 0.3712396581154627, ""AP_agnostic"": 0.127, ""Num_Instances"": 92.0}]",,,,,,,
aggressive,abl-centroid-cossim-overlap,20260613_GT_CLIP_abl-centroid-cossim-overlap_8746b,5fb61fe,2026-06-13T20:30:52.284951,361.616914,"[""centroid"", ""cos_sim"", ""overlap""]",0.22802881402867137,0.3429130318444699,0.0,0.095,83.0,8,"[{""Scene"": ""office0"", ""mIoU"": 0.19456756157991534, ""mAcc"": 0.2843761423537125, ""AP_agnostic"": 0.021, ""Num_Instances"": 125.0}, {""Scene"": ""office1"", ""mIoU"": 0.18218807642459514, ""mAcc"": 0.3336232625631881, ""AP_agnostic"": 0.081, ""Num_Instances"": 60.0}, {""Scene"": ""office2"", ""mIoU"": 0.26008651688150136, ""mAcc"": 0.32536325655228643, ""AP_agnostic"": 0.084, ""Num_Instances"": 96.0}, {""Scene"": ""office3"", ""mIoU"": 0.2393149179434976, ""mAcc"": 0.31053126452051705, ""AP_agnostic"": 0.124, ""Num_Instances"": 152.0}, {""Scene"": ""office4"", ""mIoU"": 0.41994816642316857, ""mAcc"": 0.5565548515913231, ""AP_agnostic"": 0.163, ""Num_Instances"": 128.0}, {""Scene"": ""room0"", ""mIoU"": 0.23029086642691005, ""mAcc"": 0.29252141758899636, ""AP_agnostic"": 0.101, ""Num_Instances"": 131.0}, {""Scene"": ""room1"", ""mIoU"": 0.31328403946059874, ""mAcc"": 0.4492800293646713, ""AP_agnostic"": 0.113, ""Num_Instances"": 83.0}, {""Scene"": ""room2"", ""mIoU"": 0.26965183172200496, ""mAcc"": 0.3350838604213945, ""AP_agnostic"": 0.056, ""Num_Instances"": 101.0}]",,,,,,,
light,abl-cooccurrence-centroid-cossim-overlap,20260613_GT_CLIP_abl-cooccurrence-centroid-cossim-overlap_317c6,5fb61fe,2026-06-13T20:36:53.908451,323.045151,"[""cooccurrence"", ""centroid"", ""cos_sim"", ""overlap""]",0.26876185343200976,0.39952649165306936,0.0,0.21,75.0,8,"[{""Scene"": ""office0"", ""mIoU"": 0.29146471587330597, ""mAcc"": 0.3877441826878231, ""AP_agnostic"": 0.127, ""Num_Instances"": 108.0}, {""Scene"": ""office1"", ""mIoU"": 0.16795141511126577, ""mAcc"": 0.3305553041910266, ""AP_agnostic"": 0.209, ""Num_Instances"": 57.0}, {""Scene"": ""office2"", ""mIoU"": 0.22714447339060365, ""mAcc"": 0.284498520724266, ""AP_agnostic"": 0.16, ""Num_Instances"": 100.0}, {""Scene"": ""office3"", ""mIoU"": 0.26239827627697154, ""mAcc"": 0.32491925753085493, ""AP_agnostic"": 0.2, ""Num_Instances"": 155.0}, {""Scene"": ""office4"", ""mIoU"": 0.45921112776079365, ""mAcc"": 0.5902597350130108, ""AP_agnostic"": 0.217, ""Num_Instances"": 105.0}, {""Scene"": ""room0"", ""mIoU"": 0.33750756698032164, ""mAcc"": 0.4024803723797567, ""AP_agnostic"": 0.25, ""Num_Instances"": 126.0}, {""Scene"": ""room1"", ""mIoU"": 0.4110804878494405, ""mAcc"": 0.5591210376785367, ""AP_agnostic"": 0.354, ""Num_Instances"": 75.0}, {""Scene"": ""room2"", ""mIoU"": 0.2773167687094191, ""mAcc"": 0.3705599141321893, ""AP_agnostic"": 0.175, ""Num_Instances"": 99.0}]",,,,,,,
aggressive,abl-cooccurrence-centroid-cossim-overlap,20260613_GT_CLIP_abl-cooccurrence-centroid-cossim-overlap_84a88,5fb61fe,2026-06-13T20:42:16.959957,355.179413,"[""cooccurrence"", ""centroid"", ""cos_sim"", ""overlap""]",0.23292996020478554,0.3508459181653706,0.0,0.105,93.0,8,"[{""Scene"": ""office0"", ""mIoU"": 0.1911538078230309, ""mAcc"": 0.2679445173983479, ""AP_agnostic"": 0.012, ""Num_Instances"": 132.0}, {""Scene"": ""office1"", ""mIoU"": 0.17235175607613223, ""mAcc"": 0.32282293638433673, ""AP_agnostic"": 0.065, ""Num_Instances"": 67.0}, {""Scene"": ""office2"", ""mIoU"": 0.25621032948756833, ""mAcc"": 0.3177654639834927, ""AP_agnostic"": 0.09, ""Num_Instances"": 113.0}, {""Scene"": ""office3"", ""mIoU"": 0.234011033734615, ""mAcc"": 0.30946921191230065, ""AP_agnostic"": 0.124, ""Num_Instances"": 173.0}, {""Scene"": ""office4"", ""mIoU"": 0.4191505886827785, ""mAcc"": 0.5560896231092807, ""AP_agnostic"": 0.164, ""Num_Instances"": 135.0}, {""Scene"": ""room0"", ""mIoU"": 0.2510450675659923, ""mAcc"": 0.3189684964292623, ""AP_agnostic"": 0.138, ""Num_Instances"": 154.0}, {""Scene"": ""room1"", ""mIoU"": 0.3172144638919517, ""mAcc"": 0.45397951992868096, ""AP_agnostic"": 0.154, ""Num_Instances"": 93.0}, {""Scene"": ""room2"", ""mIoU"": 0.2709733069053422, ""mAcc"": 0.33767389016768257, ""AP_agnostic"": 0.062, ""Num_Instances"": 109.0}]",,,,,,,
light,abl-centroid-cossim-overlapold,20260613_GT_CLIP_abl-centroid-cossim-overlapold_c7069,5fb61fe,2026-06-13T20:48:12.145722,333.595521,"[""centroid"", ""cos_sim"", ""overlap_old""]",0.2669083614713801,0.4004114910316463,0.0,0.152,78.0,8,"[{""Scene"": ""office0"", ""mIoU"": 0.2745849999779284, ""mAcc"": 0.361263816116456, ""AP_agnostic"": 0.093, ""Num_Instances"": 118.0}, {""Scene"": ""office1"", ""mIoU"": 0.19042675802479836, ""mAcc"": 0.35230908817019585, ""AP_agnostic"": 0.164, ""Num_Instances"": 68.0}, {""Scene"": ""office2"", ""mIoU"": 0.2620376570613509, ""mAcc"": 0.32750277402138034, ""AP_agnostic"": 0.117, ""Num_Instances"": 107.0}, {""Scene"": ""office3"", ""mIoU"": 0.2536726100630661, ""mAcc"": 0.3201524451950545, ""AP_agnostic"": 0.159, ""Num_Instances"": 170.0}, {""Scene"": ""office4"", ""mIoU"": 0.45627634725667704, ""mAcc"": 0.5869141048573336, ""AP_agnostic"": 0.184, ""Num_Instances"": 114.0}, {""Scene"": ""room0"", ""mIoU"": 0.33075356028668984, ""mAcc"": 0.4028421135287574, ""AP_agnostic"": 0.164, ""Num_Instances"": 132.0}, {""Scene"": ""room1"", ""mIoU"": 0.4111353182643176, ""mAcc"": 0.5600293280417978, ""AP_agnostic"": 0.23, ""Num_Instances"": 78.0}, {""Scene"": ""room2"", ""mIoU"": 0.26287372419113475, ""mAcc"": 0.3505932856697558, ""AP_agnostic"": 0.122, ""Num_Instances"": 101.0}]",,,,,,,
aggressive,abl-centroid-cossim-overlapold,20260613_GT_CLIP_abl-centroid-cossim-overlapold_32fd7,5fb61fe,2026-06-13T20:53:45.747876,366.079929,"[""centroid"", ""cos_sim"", ""overlap_old""]",0.22980721029951948,0.3445489455437827,0.0,0.098,97.0,8,"[{""Scene"": ""office0"", ""mIoU"": 0.18954270143521257, ""mAcc"": 0.2818010950407752, ""AP_agnostic"": 0.018, ""Num_Instances"": 143.0}, {""Scene"": ""office1"", ""mIoU"": 0.18038908518753305, ""mAcc"": 0.32543476186272624, ""AP_agnostic"": 0.079, ""Num_Instances"": 82.0}, {""Scene"": ""office2"", ""mIoU"": 0.26607110460075284, ""mAcc"": 0.32193249085604997, ""AP_agnostic"": 0.079, ""Num_Instances"": 125.0}, {""Scene"": ""office3"", ""mIoU"": 0.2351122639094724, ""mAcc"": 0.30888909857633634, ""AP_agnostic"": 0.12, ""Num_Instances"": 173.0}, {""Scene"": ""office4"", ""mIoU"": 0.4215988289419241, ""mAcc"": 0.5570923611712227, ""AP_agnostic"": 0.15, ""Num_Instances"": 147.0}, {""Scene"": ""room0"", ""mIoU"": 0.23459315807363057, ""mAcc"": 0.29777034455492923, ""AP_agnostic"": 0.116, ""Num_Instances"": 173.0}, {""Scene"": ""room1"", ""mIoU"": 0.3191787379725037, ""mAcc"": 0.4549729090700228, ""AP_agnostic"": 0.134, ""Num_Instances"": 97.0}, {""Scene"": ""room2"", ""mIoU"": 0.2689221278245424, ""mAcc"": 0.3349078712724618, ""AP_agnostic"": 0.061, ""Num_Instances"": 118.0}]",,,,,,,
light,abl-cooccurrence-centroid-cossim-overlapold,20260613_GT_CLIP_abl-cooccurrence-centroid-cossim-overlapold_4aee4,5fb61fe,2026-06-13T20:59:51.834965,326.042908,"[""cooccurrence"", ""centroid"", ""cos_sim"", ""overlap_old""]",0.26645304619181287,0.39665454236101794,0.0,0.195,83.0,8,"[{""Scene"": ""office0"", ""mIoU"": 0.2727671789516031, ""mAcc"": 0.36005207344416335, ""AP_agnostic"": 0.127, ""Num_Instances"": 122.0}, {""Scene"": ""office1"", ""mIoU"": 0.16932723224447474, ""mAcc"": 0.33029698167395516, ""AP_agnostic"": 0.197, ""Num_Instances"": 70.0}, {""Scene"": ""office2"", ""mIoU"": 0.22568841719790797, ""mAcc"": 0.2835148281659242, ""AP_agnostic"": 0.159, ""Num_Instances"": 116.0}, {""Scene"": ""office3"", ""mIoU"": 0.2591758092529949, ""mAcc"": 0.3229520198068991, ""AP_agnostic"": 0.172, ""Num_Instances"": 180.0}, {""Scene"": ""office4"", ""mIoU"": 0.45625329250107743, ""mAcc"": 0.5868582449706236, ""AP_agnostic"": 0.208, ""Num_Instances"": 123.0}, {""Scene"": ""room0"", ""mIoU"": 0.3357700405915403, ""mAcc"": 0.40166384455392407, ""AP_agnostic"": 0.225, ""Num_Instances"": 138.0}, {""Scene"": ""room1"", ""mIoU"": 0.41115465965311254, ""mAcc"": 0.5600315757985367, ""AP_agnostic"": 0.342, ""Num_Instances"": 83.0}, {""Scene"": ""room2"", ""mIoU"": 0.263988257404622, ""mAcc"": 0.35228326512916847, ""AP_agnostic"": 0.164, ""Num_Instances"": 107.0}]",,,,,,,
aggressive,abl-cooccurrence-centroid-cossim-overlapold,20260613_GT_CLIP_abl-cooccurrence-centroid-cossim-overlapold_ce1aa,5fb61fe,2026-06-13T21:05:17.885494,359.671309,"[""cooccurrence"", ""centroid"", ""cos_sim"", ""overlap_old""]",0.23269588981244999,0.3486036464247669,0.0,0.107,106.0,8,"[{""Scene"": ""office0"", ""mIoU"": 0.18654747198586433, ""mAcc"": 0.2661335648907585, ""AP_agnostic"": 0.011, ""Num_Instances"": 151.0}, {""Scene"": ""office1"", ""mIoU"": 0.17264274123248063, ""mAcc"": 0.31987701190614726, ""AP_agnostic"": 0.066, ""Num_Instances"": 86.0}, {""Scene"": ""office2"", ""mIoU"": 0.2565492388842946, ""mAcc"": 0.31817630975560574, ""AP_agnostic"": 0.099, ""Num_Instances"": 134.0}, {""Scene"": ""office3"", ""mIoU"": 0.24215899258723747, ""mAcc"": 0.3215067483301387, ""AP_agnostic"": 0.118, ""Num_Instances"": 192.0}, {""Scene"": ""office4"", ""mIoU"": 0.41940285028759045, ""mAcc"": 0.5558414445469415, ""AP_agnostic"": 0.164, ""Num_Instances"": 155.0}, {""Scene"": ""room0"", ""mIoU"": 0.24914222456100146, ""mAcc"": 0.3177663844596727, ""AP_agnostic"": 0.127, ""Num_Instances"": 180.0}, {""Scene"": ""room1"", ""mIoU"": 0.3196611134978609, ""mAcc"": 0.45574077730067375, ""AP_agnostic"": 0.185, ""Num_Instances"": 106.0}, {""Scene"": ""room2"", ""mIoU"": 0.27065433235424047, ""mAcc"": 0.33777696974041466, ""AP_agnostic"": 0.058, ""Num_Instances"": 124.0}]",,,,,,,
light,abl-aabb-cossim-overlap,20260613_GT_CLIP_abl-aabb-cossim-overlap_d4a88,5fb61fe,2026-06-13T21:11:17.564016,343.314727,"[""aabb"", ""cos_sim"", ""overlap""]",0.26903798549012026,0.39861308180775723,0.0,0.16,66.0,8,"[{""Scene"": ""office0"", ""mIoU"": 0.2901749400107427, ""mAcc"": 0.38933129476465084, ""AP_agnostic"": 0.128, ""Num_Instances"": 99.0}, {""Scene"": ""office1"", ""mIoU"": 0.1926010210247537, ""mAcc"": 0.3493271600502209, ""AP_agnostic"": 0.173, ""Num_Instances"": 52.0}, {""Scene"": ""office2"", ""mIoU"": 0.25599227088255877, ""mAcc"": 0.31901410603228597, ""AP_agnostic"": 0.091, ""Num_Instances"": 82.0}, {""Scene"": ""office3"", ""mIoU"": 0.2553500661341731, ""mAcc"": 0.32186776055282806, ""AP_agnostic"": 0.185, ""Num_Instances"": 133.0}, {""Scene"": ""office4"", ""mIoU"": 0.4591756716377413, ""mAcc"": 0.5897962754108407, ""AP_agnostic"": 0.159, ""Num_Instances"": 94.0}, {""Scene"": ""room0"", ""mIoU"": 0.31867230078990555, ""mAcc"": 0.39213403173162925, ""AP_agnostic"": 0.198, ""Num_Instances"": 101.0}, {""Scene"": ""room1"", ""mIoU"": 0.4004662051481041, ""mAcc"": 0.5486726010289127, ""AP_agnostic"": 0.227, ""Num_Instances"": 66.0}, {""Scene"": ""room2"", ""mIoU"": 0.2751488501381531, ""mAcc"": 0.3711791088981876, ""AP_agnostic"": 0.13, ""Num_Instances"": 86.0}]",,,,,,,
aggressive,abl-aabb-cossim-overlap,20260613_GT_CLIP_abl-aabb-cossim-overlap_6fc08,5fb61fe,2026-06-13T21:17:00.886608,376.428551,"[""aabb"", ""cos_sim"", ""overlap""]",0.22996091853859904,0.34323971540889586,0.0,0.095,81.0,8,"[{""Scene"": ""office0"", ""mIoU"": 0.19458074548343193, ""mAcc"": 0.284153402865275, ""AP_agnostic"": 0.023, ""Num_Instances"": 121.0}, {""Scene"": ""office1"", ""mIoU"": 0.18305957038209808, ""mAcc"": 0.33428237336040556, ""AP_agnostic"": 0.081, ""Num_Instances"": 57.0}, {""Scene"": ""office2"", ""mIoU"": 0.26009032617467365, ""mAcc"": 0.3253685189664861, ""AP_agnostic"": 0.085, ""Num_Instances"": 90.0}, {""Scene"": ""office3"", ""mIoU"": 0.2377241683472627, ""mAcc"": 0.3091563685715631, ""AP_agnostic"": 0.124, ""Num_Instances"": 151.0}, {""Scene"": ""office4"", ""mIoU"": 0.41852403050847237, ""mAcc"": 0.5552843412129702, ""AP_agnostic"": 0.143, ""Num_Instances"": 117.0}, {""Scene"": ""room0"", ""mIoU"": 0.2374602887539084, ""mAcc"": 0.30329788169364585, ""AP_agnostic"": 0.103, ""Num_Instances"": 125.0}, {""Scene"": ""room1"", ""mIoU"": 0.3113712951367427, ""mAcc"": 0.4475538322534293, ""AP_agnostic"": 0.122, ""Num_Instances"": 81.0}, {""Scene"": ""room2"", ""mIoU"": 0.2692161516934835, ""mAcc"": 0.3346132465639451, ""AP_agnostic"": 0.056, ""Num_Instances"": 99.0}]",,,,,,,
light,abl-cooccurrence-aabb-cossim-overlap,20260613_GT_CLIP_abl-cooccurrence-aabb-cossim-overlap_d2a8c,5fb61fe,2026-06-13T21:23:17.323122,329.934652,"[""cooccurrence"", ""aabb"", ""cos_sim"", ""overlap""]",0.2685376828868328,0.3992255591565063,0.0,0.213,74.0,8,"[{""Scene"": ""office0"", ""mIoU"": 0.2914635462600219, ""mAcc"": 0.3877433515770186, ""AP_agnostic"": 0.127, ""Num_Instances"": 105.0}, {""Scene"": ""office1"", ""mIoU"": 0.16797866171406406, ""mAcc"": 0.3305549744707678, ""AP_agnostic"": 0.209, ""Num_Instances"": 56.0}, {""Scene"": ""office2"", ""mIoU"": 0.22702343275412454, ""mAcc"": 0.2843805874489273, ""AP_agnostic"": 0.161, ""Num_Instances"": 98.0}, {""Scene"": ""office3"", ""mIoU"": 0.26230732399071705, ""mAcc"": 0.3248452659445486, ""AP_agnostic"": 0.2, ""Num_Instances"": 147.0}, {""Scene"": ""office4"", ""mIoU"": 0.4598876823896721, ""mAcc"": 0.5902458025949526, ""AP_agnostic"": 0.228, ""Num_Instances"": 106.0}, {""Scene"": ""room0"", ""mIoU"": 0.3374980339886643, ""mAcc"": 0.4024678135669789, ""AP_agnostic"": 0.263, ""Num_Instances"": 118.0}, {""Scene"": ""room1"", ""mIoU"": 0.4047236495159879, ""mAcc"": 0.5527557086807802, ""AP_agnostic"": 0.354, ""Num_Instances"": 74.0}, {""Scene"": ""room2"", ""mIoU"": 0.2773222778318968, ""mAcc"": 0.3705513112716202, ""AP_agnostic"": 0.178, ""Num_Instances"": 94.0}]",,,,,,,
aggressive,abl-cooccurrence-aabb-cossim-overlap,20260613_GT_CLIP_abl-cooccurrence-aabb-cossim-overlap_57d15,5fb61fe,2026-06-13T21:28:47.265527,376.631689,"[""cooccurrence"", ""aabb"", ""cos_sim"", ""overlap""]",0.23500358516380782,0.35128910309573597,0.0,0.104,90.0,8,"[{""Scene"": ""office0"", ""mIoU"": 0.19107050613605317, ""mAcc"": 0.26755701895155626, ""AP_agnostic"": 0.013, ""Num_Instances"": 127.0}, {""Scene"": ""office1"", ""mIoU"": 0.17255333010221802, ""mAcc"": 0.3229742779830975, ""AP_agnostic"": 0.065, ""Num_Instances"": 66.0}, {""Scene"": ""office2"", ""mIoU"": 0.2561593242324053, ""mAcc"": 0.3176996329295591, ""AP_agnostic"": 0.09, ""Num_Instances"": 110.0}, {""Scene"": ""office3"", ""mIoU"": 0.2339993925601917, ""mAcc"": 0.30945977135514297, ""AP_agnostic"": 0.124, ""Num_Instances"": 166.0}, {""Scene"": ""office4"", ""mIoU"": 0.41930387664211904, ""mAcc"": 0.5559637076854207, ""AP_agnostic"": 0.154, ""Num_Instances"": 129.0}, {""Scene"": ""room0"", ""mIoU"": 0.2574351952334974, ""mAcc"": 0.32895234391983347, ""AP_agnostic"": 0.139, ""Num_Instances"": 141.0}, {""Scene"": ""room1"", ""mIoU"": 0.3162550173253662, ""mAcc"": 0.45307220663247416, ""AP_agnostic"": 0.154, ""Num_Instances"": 90.0}, {""Scene"": ""room2"", ""mIoU"": 0.2706304267808655, ""mAcc"": 0.3372426245463037, ""AP_agnostic"": 0.062, ""Num_Instances"": 107.0}]",,,,,,,
light,abl-aabb-cossim-overlapold,20260613_GT_CLIP_abl-aabb-cossim-overlapold_15e78,5fb61fe,2026-06-13T21:35:03.904551,352.911036,"[""aabb"", ""cos_sim"", ""overlap_old""]",0.2665819155848837,0.4005282079704617,0.0,0.153,77.0,8,"[{""Scene"": ""office0"", ""mIoU"": 0.2745849999779284, ""mAcc"": 0.361263816116456, ""AP_agnostic"": 0.093, ""Num_Instances"": 118.0}, {""Scene"": ""office1"", ""mIoU"": 0.19158931615630467, ""mAcc"": 0.35248932040204, ""AP_agnostic"": 0.164, ""Num_Instances"": 67.0}, {""Scene"": ""office2"", ""mIoU"": 0.2620376570613509, ""mAcc"": 0.32750277402138034, ""AP_agnostic"": 0.117, ""Num_Instances"": 107.0}, {""Scene"": ""office3"", ""mIoU"": 0.25366275727175774, ""mAcc"": 0.3201435507267458, ""AP_agnostic"": 0.159, ""Num_Instances"": 168.0}, {""Scene"": ""office4"", ""mIoU"": 0.45626999166986726, ""mAcc"": 0.5869087043509558, ""AP_agnostic"": 0.184, ""Num_Instances"": 113.0}, {""Scene"": ""room0"", ""mIoU"": 0.3307302427994813, ""mAcc"": 0.40275378791318794, ""AP_agnostic"": 0.172, ""Num_Instances"": 128.0}, {""Scene"": ""room1"", ""mIoU"": 0.41115383014793855, ""mAcc"": 0.5600424889994674, ""AP_agnostic"": 0.23, ""Num_Instances"": 77.0}, {""Scene"": ""room2"", ""mIoU"": 0.26287372419113475, ""mAcc"": 0.3505932856697558, ""AP_agnostic"": 0.122, ""Num_Instances"": 101.0}]",,,,,,,
aggressive,abl-aabb-cossim-overlapold,20260613_GT_CLIP_abl-aabb-cossim-overlapold_55420,5fb61fe,2026-06-13T21:40:56.823096,385.117195,"[""aabb"", ""cos_sim"", ""overlap_old""]",0.2299024141056395,0.3433255668113055,0.0,0.099,96.0,8,"[{""Scene"": ""office0"", ""mIoU"": 0.1895520805928516, ""mAcc"": 0.2818109901556848, ""AP_agnostic"": 0.018, ""Num_Instances"": 142.0}, {""Scene"": ""office1"", ""mIoU"": 0.18038908518753305, ""mAcc"": 0.32543476186272624, ""AP_agnostic"": 0.079, ""Num_Instances"": 82.0}, {""Scene"": ""office2"", ""mIoU"": 0.26566129425295804, ""mAcc"": 0.3212279567324258, ""AP_agnostic"": 0.092, ""Num_Instances"": 123.0}, {""Scene"": ""office3"", ""mIoU"": 0.23350571270347237, ""mAcc"": 0.3075019763324937, ""AP_agnostic"": 0.12, ""Num_Instances"": 172.0}, {""Scene"": ""office4"", ""mIoU"": 0.42101807913271994, ""mAcc"": 0.5564979231739263, ""AP_agnostic"": 0.15, ""Num_Instances"": 145.0}, {""Scene"": ""room0"", ""mIoU"": 0.23745870467317837, ""mAcc"": 0.30181044359653303, ""AP_agnostic"": 0.116, ""Num_Instances"": 171.0}, {""Scene"": ""room1"", ""mIoU"": 0.3173551102564636, ""mAcc"": 0.4533272967913493, ""AP_agnostic"": 0.134, ""Num_Instances"": 96.0}, {""Scene"": ""room2"", ""mIoU"": 0.2669999669784993, ""mAcc"": 0.3323931993950906, ""AP_agnostic"": 0.061, ""Num_Instances"": 117.0}]",,,,,,,
light,abl-cooccurrence-aabb-cossim-overlapold,20260613_GT_CLIP_abl-cooccurrence-aabb-cossim-overlapold_8215a,5fb61fe,2026-06-13T21:47:21.948120,332.561542,"[""cooccurrence"", ""aabb"", ""cos_sim"", ""overlap_old""]",0.26645003201191214,0.39665071497470344,0.0,0.196,82.0,8,"[{""Scene"": ""office0"", ""mIoU"": 0.2727671789516031, ""mAcc"": 0.36005207344416335, ""AP_agnostic"": 0.127, ""Num_Instances"": 122.0}, {""Scene"": ""office1"", ""mIoU"": 0.16932723224447474, ""mAcc"": 0.33029698167395516, ""AP_agnostic"": 0.197, ""Num_Instances"": 70.0}, {""Scene"": ""office2"", ""mIoU"": 0.22568841719790797, ""mAcc"": 0.2835148281659242, ""AP_agnostic"": 0.159, ""Num_Instances"": 116.0}, {""Scene"": ""office3"", ""mIoU"": 0.2591758092529949, ""mAcc"": 0.3229520198068991, ""AP_agnostic"": 0.172, ""Num_Instances"": 180.0}, {""Scene"": ""office4"", ""mIoU"": 0.4562484424402804, ""mAcc"": 0.5868535190727029, ""AP_agnostic"": 0.208, ""Num_Instances"": 121.0}, {""Scene"": ""room0"", ""mIoU"": 0.33575587249618183, ""mAcc"": 0.40164884221137903, ""AP_agnostic"": 0.235, ""Num_Instances"": 136.0}, {""Scene"": ""room1"", ""mIoU"": 0.41117722721536504, ""mAcc"": 0.5600464098139534, ""AP_agnostic"": 0.342, ""Num_Instances"": 82.0}, {""Scene"": ""room2"", ""mIoU"": 0.263988257404622, ""mAcc"": 0.35228326512916847, ""AP_agnostic"": 0.164, ""Num_Instances"": 107.0}]",,,,,,,
aggressive,abl-cooccurrence-aabb-cossim-overlapold,20260613_GT_CLIP_abl-cooccurrence-aabb-cossim-overlapold_6312a,5fb61fe,2026-06-13T21:52:54.517689,382.756343,"[""cooccurrence"", ""aabb"", ""cos_sim"", ""overlap_old""]",0.23309034220496985,0.3476852401623263,0.0,0.106,104.0,8,"[{""Scene"": ""office0"", ""mIoU"": 0.18655654659752513, ""mAcc"": 0.2661434600056681, ""AP_agnostic"": 0.011, ""Num_Instances"": 149.0}, {""Scene"": ""office1"", ""mIoU"": 0.17264274123248063, ""mAcc"": 0.31987701190614726, ""AP_agnostic"": 0.066, ""Num_Instances"": 86.0}, {""Scene"": ""office2"", ""mIoU"": 0.2565037745303752, ""mAcc"": 0.3181141960313883, ""AP_agnostic"": 0.098, ""Num_Instances"": 132.0}, {""Scene"": ""office3"", ""mIoU"": 0.2421502733000249, ""mAcc"": 0.32149734255076473, ""AP_agnostic"": 0.118, ""Num_Instances"": 192.0}, {""Scene"": ""office4"", ""mIoU"": 0.4195519267202093, ""mAcc"": 0.555396665367752, ""AP_agnostic"": 0.164, ""Num_Instances"": 152.0}, {""Scene"": ""room0"", ""mIoU"": 0.2518978513002158, ""mAcc"": 0.3217100373211958, ""AP_agnostic"": 0.128, ""Num_Instances"": 178.0}, {""Scene"": ""room1"", ""mIoU"": 0.3192609436636747, ""mAcc"": 0.4553939430852483, ""AP_agnostic"": 0.185, ""Num_Instances"": 104.0}, {""Scene"": ""room2"", ""mIoU"": 0.26867394809147394, ""mAcc"": 0.3352621082144793, ""AP_agnostic"": 0.058, ""Num_Instances"": 123.0}]",,,,,,,
light,abl-centroid-aabb-cossim-overlap,20260613_GT_CLIP_abl-centroid-aabb-cossim-overlap_84f2b,5fb61fe,2026-06-13T21:59:17.281282,321.426996,"[""centroid"", ""aabb"", ""cos_sim"", ""overlap""]",0.2663235017641644,0.39971465458992234,0.0,0.154,68.0,8,"[{""Scene"": ""office0"", ""mIoU"": 0.29017610939133637, ""mAcc"": 0.38933212587545535, ""AP_agnostic"": 0.128, ""Num_Instances"": 102.0}, {""Scene"": ""office1"", ""mIoU"": 0.18713595369727193, ""mAcc"": 0.351050071573652, ""AP_agnostic"": 0.173, ""Num_Instances"": 51.0}, {""Scene"": ""office2"", ""mIoU"": 0.25612396976658686, ""mAcc"": 0.31914186708056963, ""AP_agnostic"": 0.091, ""Num_Instances"": 85.0}, {""Scene"": ""office3"", ""mIoU"": 0.2556942634072242, ""mAcc"": 0.3221447274897325, ""AP_agnostic"": 0.17, ""Num_Instances"": 135.0}, {""Scene"": ""office4"", ""mIoU"": 0.4585752562922962, ""mAcc"": 0.5898525139090869, ""AP_agnostic"": 0.16, ""Num_Instances"": 95.0}, {""Scene"": ""room0"", ""mIoU"": 0.31872292681742037, ""mAcc"": 0.39221527525906175, ""AP_agnostic"": 0.183, ""Num_Instances"": 103.0}, {""Scene"": ""room1"", ""mIoU"": 0.40681707468017003, ""mAcc"": 0.5550383770352862, ""AP_agnostic"": 0.227, ""Num_Instances"": 68.0}, {""Scene"": ""room2"", ""mIoU"": 0.2753365290648517, ""mAcc"": 0.3712396581154627, ""AP_agnostic"": 0.127, ""Num_Instances"": 92.0}]",,,,,,,
aggressive,abl-centroid-aabb-cossim-overlap,20260613_GT_CLIP_abl-centroid-aabb-cossim-overlap_6a698,5fb61fe,2026-06-13T22:04:38.716206,352.364034,"[""centroid"", ""aabb"", ""cos_sim"", ""overlap""]",0.22802881402867137,0.3429130318444699,0.0,0.095,83.0,8,"[{""Scene"": ""office0"", ""mIoU"": 0.19456756157991534, ""mAcc"": 0.2843761423537125, ""AP_agnostic"": 0.021, ""Num_Instances"": 125.0}, {""Scene"": ""office1"", ""mIoU"": 0.18218807642459514, ""mAcc"": 0.3336232625631881, ""AP_agnostic"": 0.081, ""Num_Instances"": 60.0}, {""Scene"": ""office2"", ""mIoU"": 0.26008651688150136, ""mAcc"": 0.32536325655228643, ""AP_agnostic"": 0.084, ""Num_Instances"": 96.0}, {""Scene"": ""office3"", ""mIoU"": 0.2393149179434976, ""mAcc"": 0.31053126452051705, ""AP_agnostic"": 0.124, ""Num_Instances"": 152.0}, {""Scene"": ""office4"", ""mIoU"": 0.41994816642316857, ""mAcc"": 0.5565548515913231, ""AP_agnostic"": 0.163, ""Num_Instances"": 128.0}, {""Scene"": ""room0"", ""mIoU"": 0.23029086642691005, ""mAcc"": 0.29252141758899636, ""AP_agnostic"": 0.101, ""Num_Instances"": 131.0}, {""Scene"": ""room1"", ""mIoU"": 0.31328403946059874, ""mAcc"": 0.4492800293646713, ""AP_agnostic"": 0.113, ""Num_Instances"": 83.0}, {""Scene"": ""room2"", ""mIoU"": 0.26965183172200496, ""mAcc"": 0.3350838604213945, ""AP_agnostic"": 0.056, ""Num_Instances"": 101.0}]",,,,,,,
light,abl-cooccurrence-centroid-aabb-cossim-overlap,20260613_GT_CLIP_abl-cooccurrence-centroid-aabb-cossim-overlap_9d4ef,5fb61fe,2026-06-13T22:10:31.089740,318.177625,"[""cooccurrence"", ""centroid"", ""aabb"", ""cos_sim"", ""overlap""]",0.26876185343200976,0.39952649165306936,0.0,0.21,75.0,8,"[{""Scene"": ""office0"", ""mIoU"": 0.29146471587330597, ""mAcc"": 0.3877441826878231, ""AP_agnostic"": 0.127, ""Num_Instances"": 108.0}, {""Scene"": ""office1"", ""mIoU"": 0.16795141511126577, ""mAcc"": 0.3305553041910266, ""AP_agnostic"": 0.209, ""Num_Instances"": 57.0}, {""Scene"": ""office2"", ""mIoU"": 0.22714447339060365, ""mAcc"": 0.284498520724266, ""AP_agnostic"": 0.16, ""Num_Instances"": 100.0}, {""Scene"": ""office3"", ""mIoU"": 0.26239827627697154, ""mAcc"": 0.32491925753085493, ""AP_agnostic"": 0.2, ""Num_Instances"": 155.0}, {""Scene"": ""office4"", ""mIoU"": 0.45921112776079365, ""mAcc"": 0.5902597350130108, ""AP_agnostic"": 0.217, ""Num_Instances"": 105.0}, {""Scene"": ""room0"", ""mIoU"": 0.33750756698032164, ""mAcc"": 0.4024803723797567, ""AP_agnostic"": 0.25, ""Num_Instances"": 126.0}, {""Scene"": ""room1"", ""mIoU"": 0.4110804878494405, ""mAcc"": 0.5591210376785367, ""AP_agnostic"": 0.354, ""Num_Instances"": 75.0}, {""Scene"": ""room2"", ""mIoU"": 0.2773167687094191, ""mAcc"": 0.3705599141321893, ""AP_agnostic"": 0.175, ""Num_Instances"": 99.0}]",,,,,,,
aggressive,abl-cooccurrence-centroid-aabb-cossim-overlap,20260613_GT_CLIP_abl-cooccurrence-centroid-aabb-cossim-overlap_ade91,5fb61fe,2026-06-13T22:15:49.276112,348.232995,"[""cooccurrence"", ""centroid"", ""aabb"", ""cos_sim"", ""overlap""]",0.23292996020478554,0.3508459181653706,0.0,0.105,93.0,8,"[{""Scene"": ""office0"", ""mIoU"": 0.1911538078230309, ""mAcc"": 0.2679445173983479, ""AP_agnostic"": 0.012, ""Num_Instances"": 132.0}, {""Scene"": ""office1"", ""mIoU"": 0.17235175607613223, ""mAcc"": 0.32282293638433673, ""AP_agnostic"": 0.065, ""Num_Instances"": 67.0}, {""Scene"": ""office2"", ""mIoU"": 0.25621032948756833, ""mAcc"": 0.3177654639834927, ""AP_agnostic"": 0.09, ""Num_Instances"": 113.0}, {""Scene"": ""office3"", ""mIoU"": 0.234011033734615, ""mAcc"": 0.30946921191230065, ""AP_agnostic"": 0.124, ""Num_Instances"": 173.0}, {""Scene"": ""office4"", ""mIoU"": 0.4191505886827785, ""mAcc"": 0.5560896231092807, ""AP_agnostic"": 0.164, ""Num_Instances"": 135.0}, {""Scene"": ""room0"", ""mIoU"": 0.2510450675659923, ""mAcc"": 0.3189684964292623, ""AP_agnostic"": 0.138, ""Num_Instances"": 154.0}, {""Scene"": ""room1"", ""mIoU"": 0.3172144638919517, ""mAcc"": 0.45397951992868096, ""AP_agnostic"": 0.154, ""Num_Instances"": 93.0}, {""Scene"": ""room2"", ""mIoU"": 0.2709733069053422, ""mAcc"": 0.33767389016768257, ""AP_agnostic"": 0.062, ""Num_Instances"": 109.0}]",,,,,,,
light,abl-centroid-aabb-cossim-overlapold,20260613_GT_CLIP_abl-centroid-aabb-cossim-overlapold_e21d8,5fb61fe,2026-06-13T22:21:37.517241,326.969393,"[""centroid"", ""aabb"", ""cos_sim"", ""overlap_old""]",0.2669083614713801,0.4004114910316463,0.0,0.152,78.0,8,"[{""Scene"": ""office0"", ""mIoU"": 0.2745849999779284, ""mAcc"": 0.361263816116456, ""AP_agnostic"": 0.093, ""Num_Instances"": 118.0}, {""Scene"": ""office1"", ""mIoU"": 0.19042675802479836, ""mAcc"": 0.35230908817019585, ""AP_agnostic"": 0.164, ""Num_Instances"": 68.0}, {""Scene"": ""office2"", ""mIoU"": 0.2620376570613509, ""mAcc"": 0.32750277402138034, ""AP_agnostic"": 0.117, ""Num_Instances"": 107.0}, {""Scene"": ""office3"", ""mIoU"": 0.2536726100630661, ""mAcc"": 0.3201524451950545, ""AP_agnostic"": 0.159, ""Num_Instances"": 170.0}, {""Scene"": ""office4"", ""mIoU"": 0.45627634725667704, ""mAcc"": 0.5869141048573336, ""AP_agnostic"": 0.184, ""Num_Instances"": 114.0}, {""Scene"": ""room0"", ""mIoU"": 0.33075356028668984, ""mAcc"": 0.4028421135287574, ""AP_agnostic"": 0.164, ""Num_Instances"": 132.0}, {""Scene"": ""room1"", ""mIoU"": 0.4111353182643176, ""mAcc"": 0.5600293280417978, ""AP_agnostic"": 0.23, ""Num_Instances"": 78.0}, {""Scene"": ""room2"", ""mIoU"": 0.26287372419113475, ""mAcc"": 0.3505932856697558, ""AP_agnostic"": 0.122, ""Num_Instances"": 101.0}]",,,,,,,
aggressive,abl-centroid-aabb-cossim-overlapold,20260613_GT_CLIP_abl-centroid-aabb-cossim-overlapold_cdbdb,5fb61fe,2026-06-13T22:27:04.495042,360.276793,"[""centroid"", ""aabb"", ""cos_sim"", ""overlap_old""]",0.22980721029951948,0.3445489455437827,0.0,0.098,97.0,8,"[{""Scene"": ""office0"", ""mIoU"": 0.18954270143521257, ""mAcc"": 0.2818010950407752, ""AP_agnostic"": 0.018, ""Num_Instances"": 143.0}, {""Scene"": ""office1"", ""mIoU"": 0.18038908518753305, ""mAcc"": 0.32543476186272624, ""AP_agnostic"": 0.079, ""Num_Instances"": 82.0}, {""Scene"": ""office2"", ""mIoU"": 0.26607110460075284, ""mAcc"": 0.32193249085604997, ""AP_agnostic"": 0.079, ""Num_Instances"": 125.0}, {""Scene"": ""office3"", ""mIoU"": 0.2351122639094724, ""mAcc"": 0.30888909857633634, ""AP_agnostic"": 0.12, ""Num_Instances"": 173.0}, {""Scene"": ""office4"", ""mIoU"": 0.4215988289419241, ""mAcc"": 0.5570923611712227, ""AP_agnostic"": 0.15, ""Num_Instances"": 147.0}, {""Scene"": ""room0"", ""mIoU"": 0.23459315807363057, ""mAcc"": 0.29777034455492923, ""AP_agnostic"": 0.116, ""Num_Instances"": 173.0}, {""Scene"": ""room1"", ""mIoU"": 0.3191787379725037, ""mAcc"": 0.4549729090700228, ""AP_agnostic"": 0.134, ""Num_Instances"": 97.0}, {""Scene"": ""room2"", ""mIoU"": 0.2689221278245424, ""mAcc"": 0.3349078712724618, ""AP_agnostic"": 0.061, ""Num_Instances"": 118.0}]",,,,,,,
light,abl-cooccurrence-centroid-aabb-cossim-overlapold,20260613_GT_CLIP_abl-cooccurrence-centroid-aabb-cossim-overlapold_e9253,5fb61fe,2026-06-13T22:33:04.780525,323.919698,"[""cooccurrence"", ""centroid"", ""aabb"", ""cos_sim"", ""overlap_old""]",0.26645304619181287,0.39665454236101794,0.0,0.195,83.0,8,"[{""Scene"": ""office0"", ""mIoU"": 0.2727671789516031, ""mAcc"": 0.36005207344416335, ""AP_agnostic"": 0.127, ""Num_Instances"": 122.0}, {""Scene"": ""office1"", ""mIoU"": 0.16932723224447474, ""mAcc"": 0.33029698167395516, ""AP_agnostic"": 0.197, ""Num_Instances"": 70.0}, {""Scene"": ""office2"", ""mIoU"": 0.22568841719790797, ""mAcc"": 0.2835148281659242, ""AP_agnostic"": 0.159, ""Num_Instances"": 116.0}, {""Scene"": ""office3"", ""mIoU"": 0.2591758092529949, ""mAcc"": 0.3229520198068991, ""AP_agnostic"": 0.172, ""Num_Instances"": 180.0}, {""Scene"": ""office4"", ""mIoU"": 0.45625329250107743, ""mAcc"": 0.5868582449706236, ""AP_agnostic"": 0.208, ""Num_Instances"": 123.0}, {""Scene"": ""room0"", ""mIoU"": 0.3357700405915403, ""mAcc"": 0.40166384455392407, ""AP_agnostic"": 0.225, ""Num_Instances"": 138.0}, {""Scene"": ""room1"", ""mIoU"": 0.41115465965311254, ""mAcc"": 0.5600315757985367, ""AP_agnostic"": 0.342, ""Num_Instances"": 83.0}, {""Scene"": ""room2"", ""mIoU"": 0.263988257404622, ""mAcc"": 0.35228326512916847, ""AP_agnostic"": 0.164, ""Num_Instances"": 107.0}]",,,,,,,
aggressive,abl-cooccurrence-centroid-aabb-cossim-overlapold,20260613_GT_CLIP_abl-cooccurrence-centroid-aabb-cossim-overlapold_3f390,5fb61fe,2026-06-13T22:38:28.709423,355.55158,"[""cooccurrence"", ""centroid"", ""aabb"", ""cos_sim"", ""overlap_old""]",0.23269588981244999,0.3486036464247669,0.0,0.107,106.0,8,"[{""Scene"": ""office0"", ""mIoU"": 0.18654747198586433, ""mAcc"": 0.2661335648907585, ""AP_agnostic"": 0.011, ""Num_Instances"": 151.0}, {""Scene"": ""office1"", ""mIoU"": 0.17264274123248063, ""mAcc"": 0.31987701190614726, ""AP_agnostic"": 0.066, ""Num_Instances"": 86.0}, {""Scene"": ""office2"", ""mIoU"": 0.2565492388842946, ""mAcc"": 0.31817630975560574, ""AP_agnostic"": 0.099, ""Num_Instances"": 134.0}, {""Scene"": ""office3"", ""mIoU"": 0.24215899258723747, ""mAcc"": 0.3215067483301387, ""AP_agnostic"": 0.118, ""Num_Instances"": 192.0}, {""Scene"": ""office4"", ""mIoU"": 0.41940285028759045, ""mAcc"": 0.5558414445469415, ""AP_agnostic"": 0.164, ""Num_Instances"": 155.0}, {""Scene"": ""room0"", ""mIoU"": 0.24914222456100146, ""mAcc"": 0.3177663844596727, ""AP_agnostic"": 0.127, ""Num_Instances"": 180.0}, {""Scene"": ""room1"", ""mIoU"": 0.3196611134978609, ""mAcc"": 0.45574077730067375, ""AP_agnostic"": 0.185, ""Num_Instances"": 106.0}, {""Scene"": ""room2"", ""mIoU"": 0.27065433235424047, ""mAcc"": 0.33777696974041466, ""AP_agnostic"": 0.058, ""Num_Instances"": 124.0}]",,,,,,,
light,morris-light-0,20260613_GT_CLIP_morris-light-0_bcb9c,5fb61fe,2026-06-13T22:45:17.282700,322.482335,"[""cooccurrence"", ""aabb"", ""cos_sim"", ""overlap""]",0.26988945348662857,0.3987257261636519,0.0,0.194,93.0,8,"[{""Scene"": ""office0"", ""mIoU"": 0.2564434671865717, ""mAcc"": 0.34245859642985277, ""AP_agnostic"": 0.122, ""Num_Instances"": 152.0}, {""Scene"": ""office1"", ""mIoU"": 0.16620340632068137, ""mAcc"": 0.31626647607895636, ""AP_agnostic"": 0.196, ""Num_Instances"": 78.0}, {""Scene"": ""office2"", ""mIoU"": 0.2391206823285974, ""mAcc"": 0.299246632876064, ""AP_agnostic"": 0.177, ""Num_Instances"": 129.0}, {""Scene"": ""office3"", ""mIoU"": 0.2590707482294765, ""mAcc"": 0.3228714816576323, ""AP_agnostic"": 0.197, ""Num_Instances"": 200.0}, {""Scene"": ""office4"", ""mIoU"": 0.4552859918797727, ""mAcc"": 0.5863011806997651, ""AP_agnostic"": 0.199, ""Num_Instances"": 130.0}, {""Scene"": ""room0"", ""mIoU"": 0.33335286904120426, ""mAcc"": 0.40033185742558913, ""AP_agnostic"": 0.208, ""Num_Instances"": 148.0}, {""Scene"": ""room1"", ""mIoU"": 0.4030821298139055, ""mAcc"": 0.5537871907866098, ""AP_agnostic"": 0.312, ""Num_Instances"": 93.0}, {""Scene"": ""room2"", ""mIoU"": 0.2637436713444849, ""mAcc"": 0.35155447493025654, ""AP_agnostic"": 0.158, ""Num_Instances"": 120.0}]",1.5,0.97,0.3,0.4,0.75,0.05,2.0
light,morris-light-1,20260613_GT_CLIP_morris-light-1_54d5c,5fb61fe,2026-06-13T22:50:39.772388,320.831682,"[""cooccurrence"", ""aabb"", ""cos_sim"", ""overlap""]",0.26988945348662857,0.3987257261636519,0.0,0.194,93.0,8,"[{""Scene"": ""office0"", ""mIoU"": 0.2564434671865717, ""mAcc"": 0.34245859642985277, ""AP_agnostic"": 0.122, ""Num_Instances"": 152.0}, {""Scene"": ""office1"", ""mIoU"": 0.16620340632068137, ""mAcc"": 0.31626647607895636, ""AP_agnostic"": 0.196, ""Num_Instances"": 78.0}, {""Scene"": ""office2"", ""mIoU"": 0.2391206823285974, ""mAcc"": 0.299246632876064, ""AP_agnostic"": 0.177, ""Num_Instances"": 129.0}, {""Scene"": ""office3"", ""mIoU"": 0.2590707482294765, ""mAcc"": 0.3228714816576323, ""AP_agnostic"": 0.197, ""Num_Instances"": 200.0}, {""Scene"": ""office4"", ""mIoU"": 0.4552859918797727, ""mAcc"": 0.5863011806997651, ""AP_agnostic"": 0.199, ""Num_Instances"": 130.0}, {""Scene"": ""room0"", ""mIoU"": 0.33335286904120426, ""mAcc"": 0.40033185742558913, ""AP_agnostic"": 0.208, ""Num_Instances"": 148.0}, {""Scene"": ""room1"", ""mIoU"": 0.4030821298139055, ""mAcc"": 0.5537871907866098, ""AP_agnostic"": 0.312, ""Num_Instances"": 93.0}, {""Scene"": ""room2"", ""mIoU"": 0.2637436713444849, ""mAcc"": 0.35155447493025654, ""AP_agnostic"": 0.158, ""Num_Instances"": 120.0}]",1.5,0.97,0.3,0.8,0.75,0.05,2.0
light,morris-light-2,20260613_GT_CLIP_morris-light-2_2f3f0,5fb61fe,2026-06-13T22:56:00.611439,320.488809,"[""cooccurrence"", ""aabb"", ""cos_sim"", ""overlap""]",0.26988945348662857,0.3987257261636519,0.0,0.194,93.0,8,"[{""Scene"": ""office0"", ""mIoU"": 0.2564434671865717, ""mAcc"": 0.34245859642985277, ""AP_agnostic"": 0.122, ""Num_Instances"": 152.0}, {""Scene"": ""office1"", ""mIoU"": 0.16620340632068137, ""mAcc"": 0.31626647607895636, ""AP_agnostic"": 0.196, ""Num_Instances"": 78.0}, {""Scene"": ""office2"", ""mIoU"": 0.2391206823285974, ""mAcc"": 0.299246632876064, ""AP_agnostic"": 0.177, ""Num_Instances"": 129.0}, {""Scene"": ""office3"", ""mIoU"": 0.2590707482294765, ""mAcc"": 0.3228714816576323, ""AP_agnostic"": 0.197, ""Num_Instances"": 200.0}, {""Scene"": ""office4"", ""mIoU"": 0.4552859918797727, ""mAcc"": 0.5863011806997651, ""AP_agnostic"": 0.199, ""Num_Instances"": 130.0}, {""Scene"": ""room0"", ""mIoU"": 0.33335286904120426, ""mAcc"": 0.40033185742558913, ""AP_agnostic"": 0.208, ""Num_Instances"": 148.0}, {""Scene"": ""room1"", ""mIoU"": 0.4030821298139055, ""mAcc"": 0.5537871907866098, ""AP_agnostic"": 0.312, ""Num_Instances"": 93.0}, {""Scene"": ""room2"", ""mIoU"": 0.2637436713444849, ""mAcc"": 0.35155447493025654, ""AP_agnostic"": 0.158, ""Num_Instances"": 120.0}]",0.5333333333333334,0.97,0.3,0.8,0.75,0.05,2.0
light,morris-light-3,20260613_GT_CLIP_morris-light-3_eea3a,5fb61fe,2026-06-13T23:01:21.107382,320.337013,"[""cooccurrence"", ""aabb"", ""cos_sim"", ""overlap""]",0.26988945348662857,0.3987257261636519,0.0,0.194,93.0,8,"[{""Scene"": ""office0"", ""mIoU"": 0.2564434671865717, ""mAcc"": 0.34245859642985277, ""AP_agnostic"": 0.122, ""Num_Instances"": 152.0}, {""Scene"": ""office1"", ""mIoU"": 0.16620340632068137, ""mAcc"": 0.31626647607895636, ""AP_agnostic"": 0.196, ""Num_Instances"": 78.0}, {""Scene"": ""office2"", ""mIoU"": 0.2391206823285974, ""mAcc"": 0.299246632876064, ""AP_agnostic"": 0.177, ""Num_Instances"": 129.0}, {""Scene"": ""office3"", ""mIoU"": 0.2590707482294765, ""mAcc"": 0.3228714816576323, ""AP_agnostic"": 0.197, ""Num_Instances"": 200.0}, {""Scene"": ""office4"", ""mIoU"": 0.4552859918797727, ""mAcc"": 0.5863011806997651, ""AP_agnostic"": 0.199, ""Num_Instances"": 130.0}, {""Scene"": ""room0"", ""mIoU"": 0.33335286904120426, ""mAcc"": 0.40033185742558913, ""AP_agnostic"": 0.208, ""Num_Instances"": 148.0}, {""Scene"": ""room1"", ""mIoU"": 0.4030821298139055, ""mAcc"": 0.5537871907866098, ""AP_agnostic"": 0.312, ""Num_Instances"": 93.0}, {""Scene"": ""room2"", ""mIoU"": 0.2637436713444849, ""mAcc"": 0.35155447493025654, ""AP_agnostic"": 0.158, ""Num_Instances"": 120.0}]",0.5333333333333334,0.97,0.11333333333333334,0.8,0.75,0.05,2.0
light,morris-light-4,20260613_GT_CLIP_morris-light-4_5a2ac,5fb61fe,2026-06-13T23:06:41.451542,320.593136,"[""cooccurrence"", ""aabb"", ""cos_sim"", ""overlap""]",0.26988945348662857,0.3987257261636519,0.0,0.194,93.0,8,"[{""Scene"": ""office0"", ""mIoU"": 0.2564434671865717, ""mAcc"": 0.34245859642985277, ""AP_agnostic"": 0.122, ""Num_Instances"": 152.0}, {""Scene"": ""office1"", ""mIoU"": 0.16620340632068137, ""mAcc"": 0.31626647607895636, ""AP_agnostic"": 0.196, ""Num_Instances"": 78.0}, {""Scene"": ""office2"", ""mIoU"": 0.2391206823285974, ""mAcc"": 0.299246632876064, ""AP_agnostic"": 0.177, ""Num_Instances"": 129.0}, {""Scene"": ""office3"", ""mIoU"": 0.2590707482294765, ""mAcc"": 0.3228714816576323, ""AP_agnostic"": 0.197, ""Num_Instances"": 200.0}, {""Scene"": ""office4"", ""mIoU"": 0.4552859918797727, ""mAcc"": 0.5863011806997651, ""AP_agnostic"": 0.199, ""Num_Instances"": 130.0}, {""Scene"": ""room0"", ""mIoU"": 0.33335286904120426, ""mAcc"": 0.40033185742558913, ""AP_agnostic"": 0.208, ""Num_Instances"": 148.0}, {""Scene"": ""room1"", ""mIoU"": 0.4030821298139055, ""mAcc"": 0.5537871907866098, ""AP_agnostic"": 0.312, ""Num_Instances"": 93.0}, {""Scene"": ""room2"", ""mIoU"": 0.2637436713444849, ""mAcc"": 0.35155447493025654, ""AP_agnostic"": 0.158, ""Num_Instances"": 120.0}]",0.5333333333333334,0.97,0.11333333333333334,0.8,0.9033333333333333,0.05,2.0
light,morris-light-5,20260613_GT_CLIP_morris-light-5_5b8df,5fb61fe,2026-06-13T23:12:02.052279,316.905586,"[""cooccurrence"", ""aabb"", ""cos_sim"", ""overlap""]",0.2698895233389188,0.3987257832241267,0.0,0.194,93.0,8,"[{""Scene"": ""office0"", ""mIoU"": 0.2564434671865717, ""mAcc"": 0.34245859642985277, ""AP_agnostic"": 0.122, ""Num_Instances"": 152.0}, {""Scene"": ""office1"", ""mIoU"": 0.16620340632068137, ""mAcc"": 0.31626647607895636, ""AP_agnostic"": 0.196, ""Num_Instances"": 78.0}, {""Scene"": ""office2"", ""mIoU"": 0.2391206823285974, ""mAcc"": 0.299246632876064, ""AP_agnostic"": 0.177, ""Num_Instances"": 129.0}, {""Scene"": ""office3"", ""mIoU"": 0.2590714114741973, ""mAcc"": 0.32287201291993994, ""AP_agnostic"": 0.197, ""Num_Instances"": 199.0}, {""Scene"": ""office4"", ""mIoU"": 0.4552859918797727, ""mAcc"": 0.5863011806997651, ""AP_agnostic"": 0.199, ""Num_Instances"": 130.0}, {""Scene"": ""room0"", ""mIoU"": 0.33335286904120426, ""mAcc"": 0.40033185742558913, ""AP_agnostic"": 0.208, ""Num_Instances"": 147.0}, {""Scene"": ""room1"", ""mIoU"": 0.4030821298139055, ""mAcc"": 0.5537871907866098, ""AP_agnostic"": 0.312, ""Num_Instances"": 93.0}, {""Scene"": ""room2"", ""mIoU"": 0.2637436713444849, ""mAcc"": 0.35155447493025654, ""AP_agnostic"": 0.158, ""Num_Instances"": 120.0}]",0.5333333333333334,0.97,0.11333333333333334,0.8,0.9033333333333333,0.05,11.0
light,morris-light-6,20260613_GT_CLIP_morris-light-6_18ff5,5fb61fe,2026-06-13T23:17:18.964933,320.029173,"[""cooccurrence"", ""aabb"", ""cos_sim"", ""overlap""]",0.26988945348662857,0.3987257261636519,0.0,0.194,93.0,8,"[{""Scene"": ""office0"", ""mIoU"": 0.2564434671865717, ""mAcc"": 0.34245859642985277, ""AP_agnostic"": 0.122, ""Num_Instances"": 152.0}, {""Scene"": ""office1"", ""mIoU"": 0.16620340632068137, ""mAcc"": 0.31626647607895636, ""AP_agnostic"": 0.196, ""Num_Instances"": 78.0}, {""Scene"": ""office2"", ""mIoU"": 0.2391206823285974, ""mAcc"": 0.299246632876064, ""AP_agnostic"": 0.177, ""Num_Instances"": 129.0}, {""Scene"": ""office3"", ""mIoU"": 0.2590707482294765, ""mAcc"": 0.3228714816576323, ""AP_agnostic"": 0.197, ""Num_Instances"": 201.0}, {""Scene"": ""office4"", ""mIoU"": 0.4552859918797727, ""mAcc"": 0.5863011806997651, ""AP_agnostic"": 0.199, ""Num_Instances"": 130.0}, {""Scene"": ""room0"", ""mIoU"": 0.33335286904120426, ""mAcc"": 0.40033185742558913, ""AP_agnostic"": 0.208, ""Num_Instances"": 148.0}, {""Scene"": ""room1"", ""mIoU"": 0.4030821298139055, ""mAcc"": 0.5537871907866098, ""AP_agnostic"": 0.312, ""Num_Instances"": 93.0}, {""Scene"": ""room2"", ""mIoU"": 0.2637436713444849, ""mAcc"": 0.35155447493025654, ""AP_agnostic"": 0.158, ""Num_Instances"": 120.0}]",0.5333333333333334,0.97,0.11333333333333334,0.8,0.9033333333333333,0.35,11.0
light,morris-light-7,20260613_GT_CLIP_morris-light-7_b588e,5fb61fe,2026-06-13T23:22:39.001778,446.567355,"[""cooccurrence"", ""aabb"", ""cos_sim"", ""overlap""]",0.26792696628198404,0.38478047955596506,0.0,0.225,75.0,8,"[{""Scene"": ""office0"", ""mIoU"": 0.28218112413970925, ""mAcc"": 0.37085568942163644, ""AP_agnostic"": 0.136, ""Num_Instances"": 89.0}, {""Scene"": ""office1"", ""mIoU"": 0.11038267985305991, ""mAcc"": 0.28102320462769126, ""AP_agnostic"": 0.206, ""Num_Instances"": 48.0}, {""Scene"": ""office2"", ""mIoU"": 0.2865187513883788, ""mAcc"": 0.36380522451431535, ""AP_agnostic"": 0.188, ""Num_Instances"": 97.0}, {""Scene"": ""office3"", ""mIoU"": 0.26249086460111254, ""mAcc"": 0.3247856981229375, ""AP_agnostic"": 0.223, ""Num_Instances"": 124.0}, {""Scene"": ""office4"", ""mIoU"": 0.4619276530321582, ""mAcc"": 0.5941508640791935, ""AP_agnostic"": 0.274, ""Num_Instances"": 96.0}, {""Scene"": ""room0"", ""mIoU"": 0.3187028651036116, ""mAcc"": 0.3814377507071958, ""AP_agnostic"": 0.236, ""Num_Instances"": 104.0}, {""Scene"": ""room1"", ""mIoU"": 0.4099475332722446, ""mAcc"": 0.542360182534857, ""AP_agnostic"": 0.352, ""Num_Instances"": 75.0}, {""Scene"": ""room2"", ""mIoU"": 0.27051148469145797, ""mAcc"": 0.3544027706688993, ""AP_agnostic"": 0.207, ""Num_Instances"": 75.0}]",0.5333333333333334,0.6566666666666667,0.11333333333333334,0.8,0.9033333333333333,0.35,11.0
light,morris-light-8,20260613_GT_CLIP_morris-light-8_a60cf,5fb61fe,2026-06-13T23:30:05.577606,328.731944,"[""cooccurrence"", ""aabb"", ""cos_sim"", ""overlap""]",0.2745224384800169,0.409510814478733,0.0,0.213,72.0,8,"[{""Scene"": ""office0"", ""mIoU"": 0.2900705197885696, ""mAcc"": 0.39000228686420285, ""AP_agnostic"": 0.139, ""Num_Instances"": 99.0}, {""Scene"": ""office1"", ""mIoU"": 0.16662212375973312, ""mAcc"": 0.32954838301977935, ""AP_agnostic"": 0.207, ""Num_Instances"": 51.0}, {""Scene"": ""office2"", ""mIoU"": 0.2839984963500284, ""mAcc"": 0.3694716471299738, ""AP_agnostic"": 0.176, ""Num_Instances"": 103.0}, {""Scene"": ""office3"", ""mIoU"": 0.26260276400071, ""mAcc"": 0.3247646898571345, ""AP_agnostic"": 0.208, ""Num_Instances"": 150.0}, {""Scene"": ""office4"", ""mIoU"": 0.4588272565883426, ""mAcc"": 0.5896139002366905, ""AP_agnostic"": 0.252, ""Num_Instances"": 103.0}, {""Scene"": ""room0"", ""mIoU"": 0.3375832661472523, ""mAcc"": 0.4024358184870506, ""AP_agnostic"": 0.257, ""Num_Instances"": 103.0}, {""Scene"": ""room1"", ""mIoU"": 0.411555121803941, ""mAcc"": 0.5601926056973928, ""AP_agnostic"": 0.317, ""Num_Instances"": 72.0}, {""Scene"": ""room2"", ""mIoU"": 0.2757136378531828, ""mAcc"": 0.36879625033573343, ""AP_agnostic"": 0.17, ""Num_Instances"": 93.0}]",1.0166666666666666,0.8133333333333332,0.11333333333333334,0.4,0.98,0.2,11.0
light,morris-light-9,20260613_GT_CLIP_morris-light-9_3be26,5fb61fe,2026-06-13T23:35:34.317584,467.79697,"[""cooccurrence"", ""aabb"", ""cos_sim"", ""overlap""]",0.25752041684005406,0.3673975124962572,0.0,0.225,65.0,8,"[{""Scene"": ""office0"", ""mIoU"": 0.2820521499590446, ""mAcc"": 0.3655524356925338, ""AP_agnostic"": 0.155, ""Num_Instances"": 73.0}, {""Scene"": ""office1"", ""mIoU"": 0.1055101737944577, ""mAcc"": 0.2508498764875017, ""AP_agnostic"": 0.227, ""Num_Instances"": 40.0}, {""Scene"": ""office2"", ""mIoU"": 0.2820539228082346, ""mAcc"": 0.3706546476973107, ""AP_agnostic"": 0.198, ""Num_Instances"": 88.0}, {""Scene"": ""office3"", ""mIoU"": 0.2610929302808215, ""mAcc"": 0.32381127532920245, ""AP_agnostic"": 0.218, ""Num_Instances"": 129.0}, {""Scene"": ""office4"", ""mIoU"": 0.4604775665766334, ""mAcc"": 0.5931319373955425, ""AP_agnostic"": 0.277, ""Num_Instances"": 92.0}, {""Scene"": ""room0"", ""mIoU"": 0.3168333062675168, ""mAcc"": 0.38034314048531226, ""AP_agnostic"": 0.231, ""Num_Instances"": 87.0}, {""Scene"": ""room1"", ""mIoU"": 0.3490950450843024, ""mAcc"": 0.4929940638862969, ""AP_agnostic"": 0.315, ""Num_Instances"": 65.0}, {""Scene"": ""room2"", ""mIoU"": 0.25305964119602553, ""mAcc"": 0.33347838728076473, ""AP_agnostic"": 0.222, ""Num_Instances"": 65.0}]",1.0166666666666666,0.5,0.11333333333333334,0.4,0.98,0.2,11.0
light,morris-light-10,20260613_GT_CLIP_morris-light-10_4130e,5fb61fe,2026-06-13T23:43:22.122075,407.474953,"[""cooccurrence"", ""aabb"", ""cos_sim"", ""overlap""]",0.27137334465259916,0.4045620231151437,0.0,0.221,70.0,8,"[{""Scene"": ""office0"", ""mIoU"": 0.28718457238411715, ""mAcc"": 0.3970362393125085, ""AP_agnostic"": 0.125, ""Num_Instances"": 92.0}, {""Scene"": ""office1"", ""mIoU"": 0.15547764136036146, ""mAcc"": 0.34183862404708515, ""AP_agnostic"": 0.218, ""Num_Instances"": 51.0}, {""Scene"": ""office2"", ""mIoU"": 0.25959378496979363, ""mAcc"": 0.3252106539114172, ""AP_agnostic"": 0.195, ""Num_Instances"": 101.0}, {""Scene"": ""office3"", ""mIoU"": 0.2759288701307641, ""mAcc"": 0.34541818002446206, ""AP_agnostic"": 0.207, ""Num_Instances"": 144.0}, {""Scene"": ""office4"", ""mIoU"": 0.4570416891402763, ""mAcc"": 0.5859974829520421, ""AP_agnostic"": 0.257, ""Num_Instances"": 95.0}, {""Scene"": ""room0"", ""mIoU"": 0.32987512976715483, ""mAcc"": 0.39980726283580725, ""AP_agnostic"": 0.23, ""Num_Instances"": 112.0}, {""Scene"": ""room1"", ""mIoU"": 0.40936488053999703, ""mAcc"": 0.5431514149806955, ""AP_agnostic"": 0.342, ""Num_Instances"": 70.0}, {""Scene"": ""room2"", ""mIoU"": 0.28078905611485594, ""mAcc"": 0.3675225579858849, ""AP_agnostic"": 0.219, ""Num_Instances"": 76.0}]",1.0166666666666666,0.5,0.11333333333333334,0.4,0.98,0.2,2.0
light,morris-light-11,20260613_GT_CLIP_morris-light-11_f813a,5fb61fe,2026-06-13T23:50:09.604424,380.950618,"[""cooccurrence"", ""aabb"", ""cos_sim"", ""overlap""]",0.26314270375132165,0.3965424836518549,0.0,0.209,67.0,8,"[{""Scene"": ""office0"", ""mIoU"": 0.28370192019823637, ""mAcc"": 0.38788482528003565, ""AP_agnostic"": 0.171, ""Num_Instances"": 75.0}, {""Scene"": ""office1"", ""mIoU"": 0.16324153451783768, ""mAcc"": 0.35357144114166306, ""AP_agnostic"": 0.218, ""Num_Instances"": 45.0}, {""Scene"": ""office2"", ""mIoU"": 0.2391632540812497, ""mAcc"": 0.3061460571400059, ""AP_agnostic"": 0.167, ""Num_Instances"": 85.0}, {""Scene"": ""office3"", ""mIoU"": 0.259019065367425, ""mAcc"": 0.3228059999808117, ""AP_agnostic"": 0.202, ""Num_Instances"": 131.0}, {""Scene"": ""office4"", ""mIoU"": 0.4567030553078625, ""mAcc"": 0.5871646282472562, ""AP_agnostic"": 0.264, ""Num_Instances"": 90.0}, {""Scene"": ""room0"", ""mIoU"": 0.32303806791359085, ""mAcc"": 0.39519179984451375, ""AP_agnostic"": 0.201, ""Num_Instances"": 103.0}, {""Scene"": ""room1"", ""mIoU"": 0.37854123154154484, ""mAcc"": 0.524241401361953, ""AP_agnostic"": 0.318, ""Num_Instances"": 67.0}, {""Scene"": ""room2"", ""mIoU"": 0.2762555703797496, ""mAcc"": 0.36296131906787005, ""AP_agnostic"": 0.21, ""Num_Instances"": 62.0}]",1.0166666666666666,0.5,0.3,0.4,0.98,0.2,2.0
light,morris-light-12,20260613_GT_CLIP_morris-light-12_cb297,5fb61fe,2026-06-13T23:56:30.562128,383.58043,"[""cooccurrence"", ""aabb"", ""cos_sim"", ""overlap""]",0.26314270375132165,0.3965424836518549,0.0,0.209,67.0,8,"[{""Scene"": ""office0"", ""mIoU"": 0.28370192019823637, ""mAcc"": 0.38788482528003565, ""AP_agnostic"": 0.171, ""Num_Instances"": 75.0}, {""Scene"": ""office1"", ""mIoU"": 0.16324153451783768, ""mAcc"": 0.35357144114166306, ""AP_agnostic"": 0.218, ""Num_Instances"": 45.0}, {""Scene"": ""office2"", ""mIoU"": 0.2391632540812497, ""mAcc"": 0.3061460571400059, ""AP_agnostic"": 0.167, ""Num_Instances"": 85.0}, {""Scene"": ""office3"", ""mIoU"": 0.259019065367425, ""mAcc"": 0.3228059999808117, ""AP_agnostic"": 0.202, ""Num_Instances"": 131.0}, {""Scene"": ""office4"", ""mIoU"": 0.4567030553078625, ""mAcc"": 0.5871646282472562, ""AP_agnostic"": 0.264, ""Num_Instances"": 90.0}, {""Scene"": ""room0"", ""mIoU"": 0.32303806791359085, ""mAcc"": 0.39519179984451375, ""AP_agnostic"": 0.201, ""Num_Instances"": 103.0}, {""Scene"": ""room1"", ""mIoU"": 0.37854123154154484, ""mAcc"": 0.524241401361953, ""AP_agnostic"": 0.318, ""Num_Instances"": 67.0}, {""Scene"": ""room2"", ""mIoU"": 0.2762555703797496, ""mAcc"": 0.36296131906787005, ""AP_agnostic"": 0.21, ""Num_Instances"": 62.0}]",1.0166666666666666,0.5,0.3,0.4,0.98,0.5,2.0
light,morris-light-13,20260614_GT_CLIP_morris-light-13_7dfa7,5fb61fe,2026-06-14T00:02:54.149921,383.934018,"[""cooccurrence"", ""aabb"", ""cos_sim"", ""overlap""]",0.26314270375132165,0.3965424836518549,0.0,0.209,67.0,8,"[{""Scene"": ""office0"", ""mIoU"": 0.28370192019823637, ""mAcc"": 0.38788482528003565, ""AP_agnostic"": 0.171, ""Num_Instances"": 75.0}, {""Scene"": ""office1"", ""mIoU"": 0.16324153451783768, ""mAcc"": 0.35357144114166306, ""AP_agnostic"": 0.218, ""Num_Instances"": 45.0}, {""Scene"": ""office2"", ""mIoU"": 0.2391632540812497, ""mAcc"": 0.3061460571400059, ""AP_agnostic"": 0.167, ""Num_Instances"": 85.0}, {""Scene"": ""office3"", ""mIoU"": 0.259019065367425, ""mAcc"": 0.3228059999808117, ""AP_agnostic"": 0.202, ""Num_Instances"": 131.0}, {""Scene"": ""office4"", ""mIoU"": 0.4567030553078625, ""mAcc"": 0.5871646282472562, ""AP_agnostic"": 0.264, ""Num_Instances"": 90.0}, {""Scene"": ""room0"", ""mIoU"": 0.32303806791359085, ""mAcc"": 0.39519179984451375, ""AP_agnostic"": 0.201, ""Num_Instances"": 103.0}, {""Scene"": ""room1"", ""mIoU"": 0.37854123154154484, ""mAcc"": 0.524241401361953, ""AP_agnostic"": 0.318, ""Num_Instances"": 67.0}, {""Scene"": ""room2"", ""mIoU"": 0.2762555703797496, ""mAcc"": 0.36296131906787005, ""AP_agnostic"": 0.21, ""Num_Instances"": 62.0}]",1.0166666666666666,0.5,0.3,0.4,0.8266666666666667,0.5,2.0
light,morris-light-14,20260614_GT_CLIP_morris-light-14_c4ec5,5fb61fe,2026-06-14T00:09:18.091162,391.753244,"[""cooccurrence"", ""aabb"", ""cos_sim"", ""overlap""]",0.26854834838065844,0.39925419454987116,0.0,0.211,68.0,8,"[{""Scene"": ""office0"", ""mIoU"": 0.29278662277867473, ""mAcc"": 0.4013006300091886, ""AP_agnostic"": 0.152, ""Num_Instances"": 77.0}, {""Scene"": ""office1"", ""mIoU"": 0.1687048415911896, ""mAcc"": 0.35317815915415357, ""AP_agnostic"": 0.211, ""Num_Instances"": 45.0}, {""Scene"": ""office2"", ""mIoU"": 0.24659089642741372, ""mAcc"": 0.31725974529114404, ""AP_agnostic"": 0.157, ""Num_Instances"": 87.0}, {""Scene"": ""office3"", ""mIoU"": 0.2590346974357335, ""mAcc"": 0.3226723946239701, ""AP_agnostic"": 0.204, ""Num_Instances"": 135.0}, {""Scene"": ""office4"", ""mIoU"": 0.45642527698655955, ""mAcc"": 0.5854928419833395, ""AP_agnostic"": 0.242, ""Num_Instances"": 91.0}, {""Scene"": ""room0"", ""mIoU"": 0.3257658332571249, ""mAcc"": 0.3976707454687896, ""AP_agnostic"": 0.223, ""Num_Instances"": 108.0}, {""Scene"": ""room1"", ""mIoU"": 0.4090952854550487, ""mAcc"": 0.5434088070086508, ""AP_agnostic"": 0.336, ""Num_Instances"": 68.0}, {""Scene"": ""room2"", ""mIoU"": 0.2808812805516428, ""mAcc"": 0.3659543129631635, ""AP_agnostic"": 0.207, ""Num_Instances"": 65.0}]",1.0166666666666666,0.5,0.3,0.8,0.8266666666666667,0.5,2.0
light,morris-light-15,20260614_GT_CLIP_morris-light-15_cae01,5fb61fe,2026-06-14T00:15:49.852410,360.796629,"[""cooccurrence"", ""aabb"", ""cos_sim"", ""overlap""]",0.2693481266851247,0.39953240758484715,0.0,0.209,68.0,8,"[{""Scene"": ""office0"", ""mIoU"": 0.29141513567922184, ""mAcc"": 0.40124868618492054, ""AP_agnostic"": 0.13, ""Num_Instances"": 86.0}, {""Scene"": ""office1"", ""mIoU"": 0.16898332870664357, ""mAcc"": 0.3532399542259787, ""AP_agnostic"": 0.211, ""Num_Instances"": 47.0}, {""Scene"": ""office2"", ""mIoU"": 0.24966166493420716, ""mAcc"": 0.3192865007106974, ""AP_agnostic"": 0.15, ""Num_Instances"": 89.0}, {""Scene"": ""office3"", ""mIoU"": 0.2590344778973033, ""mAcc"": 0.3226722175365343, ""AP_agnostic"": 0.203, ""Num_Instances"": 136.0}, {""Scene"": ""office4"", ""mIoU"": 0.45748373046335844, ""mAcc"": 0.5862224575016752, ""AP_agnostic"": 0.242, ""Num_Instances"": 91.0}, {""Scene"": ""room0"", ""mIoU"": 0.3274457784438647, ""mAcc"": 0.3976772295018582, ""AP_agnostic"": 0.225, ""Num_Instances"": 108.0}, {""Scene"": ""room1"", ""mIoU"": 0.40935962465554737, ""mAcc"": 0.5430822045324007, ""AP_agnostic"": 0.338, ""Num_Instances"": 68.0}, {""Scene"": ""room2"", ""mIoU"": 0.2807369278555258, ""mAcc"": 0.36562378354312175, ""AP_agnostic"": 0.205, ""Num_Instances"": 68.0}]",0.05,0.5,0.3,0.8,0.8266666666666667,0.5,2.0
light,morris-light-16,20260614_GT_CLIP_morris-light-16_0d3cd,5fb61fe,2026-06-14T00:21:50.656906,326.385936,"[""cooccurrence"", ""aabb"", ""cos_sim"", ""overlap""]",0.27304540158050566,0.4060600005761343,0.0,0.217,71.0,8,"[{""Scene"": ""office0"", ""mIoU"": 0.2900705197885696, ""mAcc"": 0.39000228686420285, ""AP_agnostic"": 0.139, ""Num_Instances"": 99.0}, {""Scene"": ""office1"", ""mIoU"": 0.16527725301498847, ""mAcc"": 0.32843924944072156, ""AP_agnostic"": 0.207, ""Num_Instances"": 49.0}, {""Scene"": ""office2"", ""mIoU"": 0.2673868974938692, ""mAcc"": 0.3340919132900079, ""AP_agnostic"": 0.181, ""Num_Instances"": 100.0}, {""Scene"": ""office3"", ""mIoU"": 0.26466674674177504, ""mAcc"": 0.3267873156119311, ""AP_agnostic"": 0.222, ""Num_Instances"": 145.0}, {""Scene"": ""office4"", ""mIoU"": 0.45468958300598716, ""mAcc"": 0.5884374768302676, ""AP_agnostic"": 0.251, ""Num_Instances"": 102.0}, {""Scene"": ""room0"", ""mIoU"": 0.33726873488774994, ""mAcc"": 0.4024882495482538, ""AP_agnostic"": 0.256, ""Num_Instances"": 102.0}, {""Scene"": ""room1"", ""mIoU"": 0.411534462826125, ""mAcc"": 0.5601788029709779, ""AP_agnostic"": 0.317, ""Num_Instances"": 71.0}, {""Scene"": ""room2"", ""mIoU"": 0.2757099735492476, ""mAcc"": 0.3687933424020762, ""AP_agnostic"": 0.17, ""Num_Instances"": 93.0}]",0.5333333333333334,0.8133333333333332,0.11333333333333334,0.4,0.75,0.5,15.0
light,morris-light-17,20260614_GT_CLIP_morris-light-17_f64ee,5fb61fe,2026-06-14T00:27:17.050251,322.05678,"[""cooccurrence"", ""aabb"", ""cos_sim"", ""overlap""]",0.26949483490549897,0.4025165606768858,0.0,0.174,68.0,8,"[{""Scene"": ""office0"", ""mIoU"": 0.28374941613108856, ""mAcc"": 0.38161144881044257, ""AP_agnostic"": 0.147, ""Num_Instances"": 91.0}, {""Scene"": ""office1"", ""mIoU"": 0.17433696000340065, ""mAcc"": 0.3331026003342189, ""AP_agnostic"": 0.21, ""Num_Instances"": 47.0}, {""Scene"": ""office2"", ""mIoU"": 0.264745537322094, ""mAcc"": 0.3326495695911633, ""AP_agnostic"": 0.094, ""Num_Instances"": 83.0}, {""Scene"": ""office3"", ""mIoU"": 0.2641798952774637, ""mAcc"": 0.3263646855393453, ""AP_agnostic"": 0.125, ""Num_Instances"": 119.0}, {""Scene"": ""office4"", ""mIoU"": 0.4552629156079445, ""mAcc"": 0.5886553536275881, ""AP_agnostic"": 0.211, ""Num_Instances"": 91.0}, {""Scene"": ""room0"", ""mIoU"": 0.3288205755436871, ""mAcc"": 0.39906368679693827, ""AP_agnostic"": 0.242, ""Num_Instances"": 93.0}, {""Scene"": ""room1"", ""mIoU"": 0.40946948141492073, ""mAcc"": 0.5593131389507535, ""AP_agnostic"": 0.289, ""Num_Instances"": 68.0}, {""Scene"": ""room2"", ""mIoU"": 0.27571728589170447, ""mAcc"": 0.3688011274291346, ""AP_agnostic"": 0.158, ""Num_Instances"": 88.0}]",0.5333333333333334,0.8133333333333332,0.11333333333333334,0.4,0.75,0.2,15.0
light,morris-light-18,20260614_GT_CLIP_morris-light-18_59e92,5fb61fe,2026-06-14T00:32:39.114326,323.335478,"[""cooccurrence"", ""aabb"", ""cos_sim"", ""overlap""]",0.27304321506074636,0.4060641949477162,0.0,0.194,71.0,8,"[{""Scene"": ""office0"", ""mIoU"": 0.2900705197885696, ""mAcc"": 0.39000228686420285, ""AP_agnostic"": 0.145, ""Num_Instances"": 96.0}, {""Scene"": ""office1"", ""mIoU"": 0.16527725301498847, ""mAcc"": 0.32843924944072156, ""AP_agnostic"": 0.207, ""Num_Instances"": 49.0}, {""Scene"": ""office2"", ""mIoU"": 0.2673688856296761, ""mAcc"": 0.3341411801271613, ""AP_agnostic"": 0.14, ""Num_Instances"": 88.0}, {""Scene"": ""office3"", ""mIoU"": 0.26466781892011026, ""mAcc"": 0.3267881557713349, ""AP_agnostic"": 0.156, ""Num_Instances"": 124.0}, {""Scene"": ""office4"", ""mIoU"": 0.45469057501926563, ""mAcc"": 0.588437926569239, ""AP_agnostic"": 0.208, ""Num_Instances"": 94.0}, {""Scene"": ""room0"", ""mIoU"": 0.3372689947451374, ""mAcc"": 0.4024887106456464, ""AP_agnostic"": 0.256, ""Num_Instances"": 103.0}, {""Scene"": ""room1"", ""mIoU"": 0.4115556435407957, ""mAcc"": 0.5601930239618296, ""AP_agnostic"": 0.317, ""Num_Instances"": 71.0}, {""Scene"": ""room2"", ""mIoU"": 0.2757099735492476, ""mAcc"": 0.3687933424020762, ""AP_agnostic"": 0.17, ""Num_Instances"": 92.0}]",0.5333333333333334,0.8133333333333332,0.11333333333333334,0.4,0.9033333333333333,0.2,15.0
light,morris-light-19,20260614_GT_CLIP_morris-light-19_fbc35,5fb61fe,2026-06-14T00:38:02.457442,335.352497,"[""cooccurrence"", ""aabb"", ""cos_sim"", ""overlap""]",0.27304321506074636,0.4060641949477162,0.0,0.194,71.0,8,"[{""Scene"": ""office0"", ""mIoU"": 0.2900705197885696, ""mAcc"": 0.39000228686420285, ""AP_agnostic"": 0.145, ""Num_Instances"": 96.0}, {""Scene"": ""office1"", ""mIoU"": 0.16527725301498847, ""mAcc"": 0.32843924944072156, ""AP_agnostic"": 0.207, ""Num_Instances"": 49.0}, {""Scene"": ""office2"", ""mIoU"": 0.2673688856296761, ""mAcc"": 0.3341411801271613, ""AP_agnostic"": 0.14, ""Num_Instances"": 88.0}, {""Scene"": ""office3"", ""mIoU"": 0.26466781892011026, ""mAcc"": 0.3267881557713349, ""AP_agnostic"": 0.156, ""Num_Instances"": 124.0}, {""Scene"": ""office4"", ""mIoU"": 0.45469057501926563, ""mAcc"": 0.588437926569239, ""AP_agnostic"": 0.208, ""Num_Instances"": 94.0}, {""Scene"": ""room0"", ""mIoU"": 0.3372689947451374, ""mAcc"": 0.4024887106456464, ""AP_agnostic"": 0.256, ""Num_Instances"": 103.0}, {""Scene"": ""room1"", ""mIoU"": 0.4115556435407957, ""mAcc"": 0.5601930239618296, ""AP_agnostic"": 0.317, ""Num_Instances"": 71.0}, {""Scene"": ""room2"", ""mIoU"": 0.2757099735492476, ""mAcc"": 0.3687933424020762, ""AP_agnostic"": 0.17, ""Num_Instances"": 92.0}]",1.5,0.8133333333333332,0.11333333333333334,0.4,0.9033333333333333,0.2,15.0
light,morris-light-20,20260614_GT_CLIP_morris-light-20_92026,5fb61fe,2026-06-14T00:43:37.817124,325.658342,"[""cooccurrence"", ""aabb"", ""cos_sim"", ""overlap""]",0.2680721569401496,0.4029972499381681,0.0,0.164,63.0,8,"[{""Scene"": ""office0"", ""mIoU"": 0.2980654163183366, ""mAcc"": 0.3999256954655009, ""AP_agnostic"": 0.188, ""Num_Instances"": 78.0}, {""Scene"": ""office1"", ""mIoU"": 0.15209957543580044, ""mAcc"": 0.28944199369603524, ""AP_agnostic"": 0.209, ""Num_Instances"": 41.0}, {""Scene"": ""office2"", ""mIoU"": 0.24540151571057287, ""mAcc"": 0.34227627580242315, ""AP_agnostic"": 0.065, ""Num_Instances"": 68.0}, {""Scene"": ""office3"", ""mIoU"": 0.2602251591008601, ""mAcc"": 0.32391596924953386, ""AP_agnostic"": 0.105, ""Num_Instances"": 105.0}, {""Scene"": ""office4"", ""mIoU"": 0.45579857110954625, ""mAcc"": 0.5889437384705352, ""AP_agnostic"": 0.218, ""Num_Instances"": 81.0}, {""Scene"": ""room0"", ""mIoU"": 0.3282352202480848, ""mAcc"": 0.39841688115335483, ""AP_agnostic"": 0.237, ""Num_Instances"": 84.0}, {""Scene"": ""room1"", ""mIoU"": 0.41155269363704106, ""mAcc"": 0.5601898085258926, ""AP_agnostic"": 0.259, ""Num_Instances"": 63.0}, {""Scene"": ""room2"", ""mIoU"": 0.2737916998446286, ""mAcc"": 0.364514784075296, ""AP_agnostic"": 0.16, ""Num_Instances"": 74.0}]",1.5,0.8133333333333332,0.3,0.4,0.9033333333333333,0.2,15.0
light,morris-light-21,20260614_GT_CLIP_morris-light-21_fa096,5fb61fe,2026-06-14T00:49:03.483102,323.999573,"[""cooccurrence"", ""aabb"", ""cos_sim"", ""overlap""]",0.26823344562547335,0.39563589614813965,0.0,0.181,72.0,8,"[{""Scene"": ""office0"", ""mIoU"": 0.2950347356462928, ""mAcc"": 0.4050873224271871, ""AP_agnostic"": 0.178, ""Num_Instances"": 82.0}, {""Scene"": ""office1"", ""mIoU"": 0.15420156081254566, ""mAcc"": 0.2907996929973369, ""AP_agnostic"": 0.208, ""Num_Instances"": 47.0}, {""Scene"": ""office2"", ""mIoU"": 0.21559129534393154, ""mAcc"": 0.2778476538135805, ""AP_agnostic"": 0.064, ""Num_Instances"": 81.0}, {""Scene"": ""office3"", ""mIoU"": 0.2586551916457374, ""mAcc"": 0.32256754926113296, ""AP_agnostic"": 0.125, ""Num_Instances"": 120.0}, {""Scene"": ""office4"", ""mIoU"": 0.4595112373889248, ""mAcc"": 0.590202056304733, ""AP_agnostic"": 0.236, ""Num_Instances"": 94.0}, {""Scene"": ""room0"", ""mIoU"": 0.33746977172715326, ""mAcc"": 0.40246136287532747, ""AP_agnostic"": 0.245, ""Num_Instances"": 99.0}, {""Scene"": ""room1"", ""mIoU"": 0.40865737924156886, ""mAcc"": 0.5584801060555136, ""AP_agnostic"": 0.349, ""Num_Instances"": 72.0}, {""Scene"": ""room2"", ""mIoU"": 0.2749053181729257, ""mAcc"": 0.36573918306321895, ""AP_agnostic"": 0.165, ""Num_Instances"": 78.0}]",1.5,0.8133333333333332,0.3,0.4,0.9033333333333333,0.2,6.0
light,morris-light-22,20260614_GT_CLIP_morris-light-22_515d9,5fb61fe,2026-06-14T00:54:27.490875,441.421065,"[""cooccurrence"", ""aabb"", ""cos_sim"", ""overlap""]",0.2636346273004934,0.3771514345805036,0.0,0.188,62.0,8,"[{""Scene"": ""office0"", ""mIoU"": 0.2881981953409969, ""mAcc"": 0.37040718740035106, ""AP_agnostic"": 0.251, ""Num_Instances"": 55.0}, {""Scene"": ""office1"", ""mIoU"": 0.16933804583348736, ""mAcc"": 0.3222153034091831, ""AP_agnostic"": 0.2, ""Num_Instances"": 36.0}, {""Scene"": ""office2"", ""mIoU"": 0.21818908248617477, ""mAcc"": 0.28050345044726127, ""AP_agnostic"": 0.12, ""Num_Instances"": 67.0}, {""Scene"": ""office3"", ""mIoU"": 0.2566897522803878, ""mAcc"": 0.31817137848761007, ""AP_agnostic"": 0.134, ""Num_Instances"": 97.0}, {""Scene"": ""office4"", ""mIoU"": 0.44379410669410113, ""mAcc"": 0.576991112395974, ""AP_agnostic"": 0.281, ""Num_Instances"": 81.0}, {""Scene"": ""room0"", ""mIoU"": 0.3305800472252389, ""mAcc"": 0.3991416568454376, ""AP_agnostic"": 0.217, ""Num_Instances"": 87.0}, {""Scene"": ""room1"", ""mIoU"": 0.3619878667576164, ""mAcc"": 0.5010956078326241, ""AP_agnostic"": 0.307, ""Num_Instances"": 62.0}, {""Scene"": ""room2"", ""mIoU"": 0.2599473847395432, ""mAcc"": 0.3330835103996569, ""AP_agnostic"": 0.17, ""Num_Instances"": 53.0}]",1.5,0.5,0.3,0.4,0.9033333333333333,0.2,6.0
light,morris-light-23,20260614_GT_CLIP_morris-light-23_6ccfb,5fb61fe,2026-06-14T01:01:48.919717,448.495722,"[""cooccurrence"", ""aabb"", ""cos_sim"", ""overlap""]",0.268697955114425,0.39184807572954244,0.0,0.193,64.0,8,"[{""Scene"": ""office0"", ""mIoU"": 0.29393773279356855, ""mAcc"": 0.3824326992710671, ""AP_agnostic"": 0.209, ""Num_Instances"": 62.0}, {""Scene"": ""office1"", ""mIoU"": 0.16968297405163377, ""mAcc"": 0.35456923678448393, ""AP_agnostic"": 0.238, ""Num_Instances"": 41.0}, {""Scene"": ""office2"", ""mIoU"": 0.22369033487303178, ""mAcc"": 0.289367604414491, ""AP_agnostic"": 0.081, ""Num_Instances"": 72.0}, {""Scene"": ""office3"", ""mIoU"": 0.2584433771031118, ""mAcc"": 0.3181274097324539, ""AP_agnostic"": 0.138, ""Num_Instances"": 104.0}, {""Scene"": ""office4"", ""mIoU"": 0.44269273598225045, ""mAcc"": 0.5747946546467692, ""AP_agnostic"": 0.246, ""Num_Instances"": 86.0}, {""Scene"": ""room0"", ""mIoU"": 0.3318799166293958, ""mAcc"": 0.3985999139765164, ""AP_agnostic"": 0.235, ""Num_Instances"": 92.0}, {""Scene"": ""room1"", ""mIoU"": 0.3757760313187521, ""mAcc"": 0.5132143257458628, ""AP_agnostic"": 0.34, ""Num_Instances"": 64.0}, {""Scene"": ""room2"", ""mIoU"": 0.27320963415224897, ""mAcc"": 0.36012051445090615, ""AP_agnostic"": 0.218, ""Num_Instances"": 62.0}]",1.5,0.5,0.3,0.8,0.9033333333333333,0.2,6.0
light,morris-light-24,20260614_GT_CLIP_morris-light-24_76b38,5fb61fe,2026-06-14T01:09:17.423734,396.625639,"[""cooccurrence"", ""aabb"", ""cos_sim"", ""overlap""]",0.268180274880813,0.4002837662359427,0.0,0.216,74.0,8,"[{""Scene"": ""office0"", ""mIoU"": 0.2820587410249176, ""mAcc"": 0.3706914250594055, ""AP_agnostic"": 0.137, ""Num_Instances"": 99.0}, {""Scene"": ""office1"", ""mIoU"": 0.1583403145084613, ""mAcc"": 0.34445876753363436, ""AP_agnostic"": 0.21, ""Num_Instances"": 56.0}, {""Scene"": ""office2"", ""mIoU"": 0.24437352335436127, ""mAcc"": 0.30526102732702437, ""AP_agnostic"": 0.179, ""Num_Instances"": 97.0}, {""Scene"": ""office3"", ""mIoU"": 0.2754810888302784, ""mAcc"": 0.3452103304557693, ""AP_agnostic"": 0.208, ""Num_Instances"": 145.0}, {""Scene"": ""office4"", ""mIoU"": 0.4592612752166406, ""mAcc"": 0.5873771544417673, ""AP_agnostic"": 0.249, ""Num_Instances"": 96.0}, {""Scene"": ""room0"", ""mIoU"": 0.3299836067749309, ""mAcc"": 0.3997373861925974, ""AP_agnostic"": 0.23, ""Num_Instances"": 114.0}, {""Scene"": ""room1"", ""mIoU"": 0.4105966104041192, ""mAcc"": 0.5425212247711784, ""AP_agnostic"": 0.341, ""Num_Instances"": 74.0}, {""Scene"": ""room2"", ""mIoU"": 0.2687865476653821, ""mAcc"": 0.35321898371333565, ""AP_agnostic"": 0.195, ""Num_Instances"": 82.0}]",0.5333333333333334,0.5,0.11333333333333334,0.8,0.9033333333333333,0.05,2.0
light,morris-light-25,20260614_GT_CLIP_morris-light-25_7a27e,5fb61fe,2026-06-14T01:15:54.057172,387.576225,"[""cooccurrence"", ""aabb"", ""cos_sim"", ""overlap""]",0.27134223444473715,0.40453690377327545,0.0,0.219,70.0,8,"[{""Scene"": ""office0"", ""mIoU"": 0.28718071126829575, ""mAcc"": 0.3970362393125085, ""AP_agnostic"": 0.129, ""Num_Instances"": 90.0}, {""Scene"": ""office1"", ""mIoU"": 0.15547764136036146, ""mAcc"": 0.34183862404708515, ""AP_agnostic"": 0.218, ""Num_Instances"": 51.0}, {""Scene"": ""office2"", ""mIoU"": 0.2595952093604544, ""mAcc"": 0.3252119106443639, ""AP_agnostic"": 0.177, ""Num_Instances"": 93.0}, {""Scene"": ""office3"", ""mIoU"": 0.27592931120201286, ""mAcc"": 0.34541853419933377, ""AP_agnostic"": 0.21, ""Num_Instances"": 140.0}, {""Scene"": ""office4"", ""mIoU"": 0.4563622682946784, ""mAcc"": 0.5855192332509463, ""AP_agnostic"": 0.257, ""Num_Instances"": 92.0}, {""Scene"": ""room0"", ""mIoU"": 0.32987484605776807, ""mAcc"": 0.3998071170053905, ""AP_agnostic"": 0.23, ""Num_Instances"": 108.0}, {""Scene"": ""room1"", ""mIoU"": 0.40936488053999703, ""mAcc"": 0.5431514149806955, ""AP_agnostic"": 0.342, ""Num_Instances"": 70.0}, {""Scene"": ""room2"", ""mIoU"": 0.28078392875550084, ""mAcc"": 0.3675174909075116, ""AP_agnostic"": 0.219, ""Num_Instances"": 75.0}]",0.5333333333333334,0.5,0.11333333333333334,0.4,0.9033333333333333,0.05,2.0
light,morris-light-26,20260614_GT_CLIP_morris-light-26_f83cf,5fb61fe,2026-06-14T01:22:21.640703,425.085757,"[""cooccurrence"", ""aabb"", ""cos_sim"", ""overlap""]",0.25769134282114026,0.3674509457654873,0.0,0.199,63.0,8,"[{""Scene"": ""office0"", ""mIoU"": 0.2820521499590446, ""mAcc"": 0.3655524356925338, ""AP_agnostic"": 0.156, ""Num_Instances"": 71.0}, {""Scene"": ""office1"", ""mIoU"": 0.1055101737944577, ""mAcc"": 0.2508498764875017, ""AP_agnostic"": 0.227, ""Num_Instances"": 40.0}, {""Scene"": ""office2"", ""mIoU"": 0.28203658614888627, ""mAcc"": 0.37071016566752457, ""AP_agnostic"": 0.113, ""Num_Instances"": 69.0}, {""Scene"": ""office3"", ""mIoU"": 0.261906393767439, ""mAcc"": 0.32411032973140375, ""AP_agnostic"": 0.15, ""Num_Instances"": 98.0}, {""Scene"": ""office4"", ""mIoU"": 0.46048531204975574, ""mAcc"": 0.593137127397285, ""AP_agnostic"": 0.277, ""Num_Instances"": 80.0}, {""Scene"": ""room0"", ""mIoU"": 0.3168333062675168, ""mAcc"": 0.38034314048531226, ""AP_agnostic"": 0.231, ""Num_Instances"": 83.0}, {""Scene"": ""room1"", ""mIoU"": 0.34909405425369905, ""mAcc"": 0.49299364562186015, ""AP_agnostic"": 0.315, ""Num_Instances"": 63.0}, {""Scene"": ""room2"", ""mIoU"": 0.2530672275741795, ""mAcc"": 0.3334850134601759, ""AP_agnostic"": 0.223, ""Num_Instances"": 61.0}]",0.5333333333333334,0.5,0.11333333333333334,0.4,0.9033333333333333,0.05,11.0
light,morris-light-27,20260614_GT_CLIP_morris-light-27_ada0d,5fb61fe,2026-06-14T01:29:26.734052,488.134723,"[""cooccurrence"", ""aabb"", ""cos_sim"", ""overlap""]",0.25769134282114026,0.3674509457654873,0.0,0.199,63.0,8,"[{""Scene"": ""office0"", ""mIoU"": 0.2820521499590446, ""mAcc"": 0.3655524356925338, ""AP_agnostic"": 0.156, ""Num_Instances"": 71.0}, {""Scene"": ""office1"", ""mIoU"": 0.1055101737944577, ""mAcc"": 0.2508498764875017, ""AP_agnostic"": 0.227, ""Num_Instances"": 40.0}, {""Scene"": ""office2"", ""mIoU"": 0.28203658614888627, ""mAcc"": 0.37071016566752457, ""AP_agnostic"": 0.113, ""Num_Instances"": 69.0}, {""Scene"": ""office3"", ""mIoU"": 0.261906393767439, ""mAcc"": 0.32411032973140375, ""AP_agnostic"": 0.15, ""Num_Instances"": 98.0}, {""Scene"": ""office4"", ""mIoU"": 0.46048531204975574, ""mAcc"": 0.593137127397285, ""AP_agnostic"": 0.277, ""Num_Instances"": 80.0}, {""Scene"": ""room0"", ""mIoU"": 0.3168333062675168, ""mAcc"": 0.38034314048531226, ""AP_agnostic"": 0.231, ""Num_Instances"": 83.0}, {""Scene"": ""room1"", ""mIoU"": 0.34909405425369905, ""mAcc"": 0.49299364562186015, ""AP_agnostic"": 0.315, ""Num_Instances"": 63.0}, {""Scene"": ""room2"", ""mIoU"": 0.2530672275741795, ""mAcc"": 0.3334850134601759, ""AP_agnostic"": 0.223, ""Num_Instances"": 61.0}]",1.5,0.5,0.11333333333333334,0.4,0.9033333333333333,0.05,11.0
light,morris-light-28,20260614_GT_CLIP_morris-light-28_622bc,5fb61fe,2026-06-14T01:37:34.876459,462.613279,"[""cooccurrence"", ""aabb"", ""cos_sim"", ""overlap""]",0.26102071057548926,0.3826504429395927,0.0,0.166,57.0,8,"[{""Scene"": ""office0"", ""mIoU"": 0.2840012519189817, ""mAcc"": 0.3791287166002809, ""AP_agnostic"": 0.177, ""Num_Instances"": 62.0}, {""Scene"": ""office1"", ""mIoU"": 0.13458611232099874, ""mAcc"": 0.28014302827148563, ""AP_agnostic"": 0.215, ""Num_Instances"": 35.0}, {""Scene"": ""office2"", ""mIoU"": 0.2591174818980705, ""mAcc"": 0.34785362018221333, ""AP_agnostic"": 0.075, ""Num_Instances"": 60.0}, {""Scene"": ""office3"", ""mIoU"": 0.25853898025887295, ""mAcc"": 0.3187166412311952, ""AP_agnostic"": 0.119, ""Num_Instances"": 89.0}, {""Scene"": ""office4"", ""mIoU"": 0.439788111595062, ""mAcc"": 0.5949447080377743, ""AP_agnostic"": 0.246, ""Num_Instances"": 76.0}, {""Scene"": ""room0"", ""mIoU"": 0.3089312843371275, ""mAcc"": 0.3750342237010381, ""AP_agnostic"": 0.191, ""Num_Instances"": 71.0}, {""Scene"": ""room1"", ""mIoU"": 0.3516668320968113, ""mAcc"": 0.4908306511775858, ""AP_agnostic"": 0.262, ""Num_Instances"": 57.0}, {""Scene"": ""room2"", ""mIoU"": 0.2525397516728127, ""mAcc"": 0.322402533953938, ""AP_agnostic"": 0.181, ""Num_Instances"": 50.0}]",1.5,0.5,0.11333333333333334,0.4,0.75,0.05,11.0
light,morris-light-29,20260614_GT_CLIP_morris-light-29_5b904,5fb61fe,2026-06-14T01:45:17.497610,502.67369,"[""cooccurrence"", ""aabb"", ""cos_sim"", ""overlap""]",0.25759859920531597,0.3674019610178712,0.0,0.225,65.0,8,"[{""Scene"": ""office0"", ""mIoU"": 0.2820315787134322, ""mAcc"": 0.365552643470235, ""AP_agnostic"": 0.155, ""Num_Instances"": 71.0}, {""Scene"": ""office1"", ""mIoU"": 0.10551040548802144, ""mAcc"": 0.2508498764875017, ""AP_agnostic"": 0.227, ""Num_Instances"": 40.0}, {""Scene"": ""office2"", ""mIoU"": 0.2820539228082346, ""mAcc"": 0.3706546476973107, ""AP_agnostic"": 0.198, ""Num_Instances"": 87.0}, {""Scene"": ""office3"", ""mIoU"": 0.2609392298203055, ""mAcc"": 0.3235854105640949, ""AP_agnostic"": 0.218, ""Num_Instances"": 129.0}, {""Scene"": ""office4"", ""mIoU"": 0.4611521467032396, ""mAcc"": 0.593614768774683, ""AP_agnostic"": 0.277, ""Num_Instances"": 90.0}, {""Scene"": ""room0"", ""mIoU"": 0.3168333062675168, ""mAcc"": 0.38034314048531226, ""AP_agnostic"": 0.233, ""Num_Instances"": 85.0}, {""Scene"": ""room1"", ""mIoU"": 0.3490950450843024, ""mAcc"": 0.4929940638862969, ""AP_agnostic"": 0.315, ""Num_Instances"": 65.0}, {""Scene"": ""room2"", ""mIoU"": 0.25364492336276573, ""mAcc"": 0.3334139169713454, ""AP_agnostic"": 0.223, ""Num_Instances"": 64.0}]",1.5,0.5,0.11333333333333334,0.4,0.75,0.35,11.0
light,morris-light-30,20260614_GT_CLIP_morris-light-30_93dab,5fb61fe,2026-06-14T01:53:40.179782,462.96605,"[""cooccurrence"", ""aabb"", ""cos_sim"", ""overlap""]",0.2510612471806582,0.3696942053272492,0.0,0.169,54.0,8,"[{""Scene"": ""office0"", ""mIoU"": 0.2597114558179359, ""mAcc"": 0.33994742070494827, ""AP_agnostic"": 0.225, ""Num_Instances"": 49.0}, {""Scene"": ""office1"", ""mIoU"": 0.1319094882936617, ""mAcc"": 0.24833756169431512, ""AP_agnostic"": 0.177, ""Num_Instances"": 31.0}, {""Scene"": ""office2"", ""mIoU"": 0.260766609415986, ""mAcc"": 0.348010483272401, ""AP_agnostic"": 0.097, ""Num_Instances"": 57.0}, {""Scene"": ""office3"", ""mIoU"": 0.24066559052900033, ""mAcc"": 0.30309146861195496, ""AP_agnostic"": 0.11, ""Num_Instances"": 86.0}, {""Scene"": ""office4"", ""mIoU"": 0.4543547612226584, ""mAcc"": 0.59748851534476, ""AP_agnostic"": 0.32, ""Num_Instances"": 74.0}, {""Scene"": ""room0"", ""mIoU"": 0.3049862411268331, ""mAcc"": 0.3725515133643148, ""AP_agnostic"": 0.196, ""Num_Instances"": 69.0}, {""Scene"": ""room1"", ""mIoU"": 0.3528986489299764, ""mAcc"": 0.49072869634655314, ""AP_agnostic"": 0.242, ""Num_Instances"": 54.0}, {""Scene"": ""room2"", ""mIoU"": 0.23912865988060455, ""mAcc"": 0.3153042830225051, ""AP_agnostic"": 0.174, ""Num_Instances"": 49.0}]",1.5,0.5,0.3,0.4,0.75,0.35,11.0
light,morris-light-31,20260614_GT_CLIP_morris-light-31_255a8,5fb61fe,2026-06-14T02:01:23.153416,324.048235,"[""cooccurrence"", ""aabb"", ""cos_sim"", ""overlap""]",0.27353231652719834,0.40459060558592636,0.0,0.165,66.0,8,"[{""Scene"": ""office0"", ""mIoU"": 0.29731160723238614, ""mAcc"": 0.40461487171084687, ""AP_agnostic"": 0.19, ""Num_Instances"": 78.0}, {""Scene"": ""office1"", ""mIoU"": 0.15553286544935205, ""mAcc"": 0.29267835961892, ""AP_agnostic"": 0.209, ""Num_Instances"": 44.0}, {""Scene"": ""office2"", ""mIoU"": 0.2551388826535385, ""mAcc"": 0.34415130370914077, ""AP_agnostic"": 0.072, ""Num_Instances"": 74.0}, {""Scene"": ""office3"", ""mIoU"": 0.2591445607559209, ""mAcc"": 0.32295770175697863, ""AP_agnostic"": 0.093, ""Num_Instances"": 112.0}, {""Scene"": ""office4"", ""mIoU"": 0.460140418427037, ""mAcc"": 0.590215209003122, ""AP_agnostic"": 0.262, ""Num_Instances"": 90.0}, {""Scene"": ""room0"", ""mIoU"": 0.3374699837337501, ""mAcc"": 0.4024629787579539, ""AP_agnostic"": 0.235, ""Num_Instances"": 86.0}, {""Scene"": ""room1"", ""mIoU"": 0.40946317953384725, ""mAcc"": 0.5593116989787082, ""AP_agnostic"": 0.259, ""Num_Instances"": 66.0}, {""Scene"": ""room2"", ""mIoU"": 0.2737915871303694, ""mAcc"": 0.3645161329079153, ""AP_agnostic"": 0.16, ""Num_Instances"": 76.0}]",1.5,0.8133333333333332,0.3,0.4,0.75,0.35,11.0
aggressive,morris-aggressive-0,20260614_GT_CLIP_morris-aggressive-0_c5aeb,5fb61fe,2026-06-14T02:06:47.216008,370.948511,"[""cooccurrence"", ""aabb"", ""cos_sim"", ""overlap""]",0.2322656637691931,0.3467884640061642,0.0,0.068,153.0,8,"[{""Scene"": ""office0"", ""mIoU"": 0.17856092646428998, ""mAcc"": 0.2597443962581239, ""AP_agnostic"": 0.0, ""Num_Instances"": 261.0}, {""Scene"": ""office1"", ""mIoU"": 0.16681852530495944, ""mAcc"": 0.2975779327765434, ""AP_agnostic"": 0.057, ""Num_Instances"": 113.0}, {""Scene"": ""office2"", ""mIoU"": 0.22974751370974486, ""mAcc"": 0.2882964745084997, ""AP_agnostic"": 0.122, ""Num_Instances"": 172.0}, {""Scene"": ""office3"", ""mIoU"": 0.23365958197211437, ""mAcc"": 0.29752543388098873, ""AP_agnostic"": 0.094, ""Num_Instances"": 283.0}, {""Scene"": ""office4"", ""mIoU"": 0.4272960486153737, ""mAcc"": 0.5541593069402312, ""AP_agnostic"": 0.071, ""Num_Instances"": 215.0}, {""Scene"": ""room0"", ""mIoU"": 0.2742617163816554, ""mAcc"": 0.34070685999033773, ""AP_agnostic"": 0.07, ""Num_Instances"": 257.0}, {""Scene"": ""room1"", ""mIoU"": 0.3256288410708121, ""mAcc"": 0.45745665396368723, ""AP_agnostic"": 0.081, ""Num_Instances"": 153.0}, {""Scene"": ""room2"", ""mIoU"": 0.25002198530712344, ""mAcc"": 0.3181416576247496, ""AP_agnostic"": 0.033, ""Num_Instances"": 175.0}]",1.5,0.97,0.3,0.4,0.75,0.05,2.0
aggressive,morris-aggressive-1,20260614_GT_CLIP_morris-aggressive-1_bfb03,5fb61fe,2026-06-14T02:12:58.172413,372.806836,"[""cooccurrence"", ""aabb"", ""cos_sim"", ""overlap""]",0.2322656637691931,0.3467884640061642,0.0,0.068,153.0,8,"[{""Scene"": ""office0"", ""mIoU"": 0.17856092646428998, ""mAcc"": 0.2597443962581239, ""AP_agnostic"": 0.0, ""Num_Instances"": 261.0}, {""Scene"": ""office1"", ""mIoU"": 0.16681852530495944, ""mAcc"": 0.2975779327765434, ""AP_agnostic"": 0.057, ""Num_Instances"": 113.0}, {""Scene"": ""office2"", ""mIoU"": 0.22974751370974486, ""mAcc"": 0.2882964745084997, ""AP_agnostic"": 0.122, ""Num_Instances"": 172.0}, {""Scene"": ""office3"", ""mIoU"": 0.23365958197211437, ""mAcc"": 0.29752543388098873, ""AP_agnostic"": 0.094, ""Num_Instances"": 283.0}, {""Scene"": ""office4"", ""mIoU"": 0.4272960486153737, ""mAcc"": 0.5541593069402312, ""AP_agnostic"": 0.071, ""Num_Instances"": 215.0}, {""Scene"": ""room0"", ""mIoU"": 0.2742617163816554, ""mAcc"": 0.34070685999033773, ""AP_agnostic"": 0.07, ""Num_Instances"": 257.0}, {""Scene"": ""room1"", ""mIoU"": 0.3256288410708121, ""mAcc"": 0.45745665396368723, ""AP_agnostic"": 0.081, ""Num_Instances"": 153.0}, {""Scene"": ""room2"", ""mIoU"": 0.25002198530712344, ""mAcc"": 0.3181416576247496, ""AP_agnostic"": 0.033, ""Num_Instances"": 175.0}]",1.5,0.97,0.3,0.8,0.75,0.05,2.0
aggressive,morris-aggressive-2,20260614_GT_CLIP_morris-aggressive-2_780cb,5fb61fe,2026-06-14T02:19:10.987166,370.954254,"[""cooccurrence"", ""aabb"", ""cos_sim"", ""overlap""]",0.2322656637691931,0.3467884640061642,0.0,0.068,153.0,8,"[{""Scene"": ""office0"", ""mIoU"": 0.17856092646428998, ""mAcc"": 0.2597443962581239, ""AP_agnostic"": 0.0, ""Num_Instances"": 261.0}, {""Scene"": ""office1"", ""mIoU"": 0.16681852530495944, ""mAcc"": 0.2975779327765434, ""AP_agnostic"": 0.057, ""Num_Instances"": 113.0}, {""Scene"": ""office2"", ""mIoU"": 0.22974751370974486, ""mAcc"": 0.2882964745084997, ""AP_agnostic"": 0.122, ""Num_Instances"": 172.0}, {""Scene"": ""office3"", ""mIoU"": 0.23365958197211437, ""mAcc"": 0.29752543388098873, ""AP_agnostic"": 0.094, ""Num_Instances"": 283.0}, {""Scene"": ""office4"", ""mIoU"": 0.4272960486153737, ""mAcc"": 0.5541593069402312, ""AP_agnostic"": 0.071, ""Num_Instances"": 215.0}, {""Scene"": ""room0"", ""mIoU"": 0.2742617163816554, ""mAcc"": 0.34070685999033773, ""AP_agnostic"": 0.07, ""Num_Instances"": 257.0}, {""Scene"": ""room1"", ""mIoU"": 0.3256288410708121, ""mAcc"": 0.45745665396368723, ""AP_agnostic"": 0.081, ""Num_Instances"": 153.0}, {""Scene"": ""room2"", ""mIoU"": 0.25002198530712344, ""mAcc"": 0.3181416576247496, ""AP_agnostic"": 0.033, ""Num_Instances"": 175.0}]",0.5333333333333334,0.97,0.3,0.8,0.75,0.05,2.0
aggressive,morris-aggressive-3,20260614_GT_CLIP_morris-aggressive-3_228e1,5fb61fe,2026-06-14T02:25:21.949977,368.622535,"[""cooccurrence"", ""aabb"", ""cos_sim"", ""overlap""]",0.2322656637691931,0.3467884640061642,0.0,0.068,153.0,8,"[{""Scene"": ""office0"", ""mIoU"": 0.17856092646428998, ""mAcc"": 0.2597443962581239, ""AP_agnostic"": 0.0, ""Num_Instances"": 261.0}, {""Scene"": ""office1"", ""mIoU"": 0.16681852530495944, ""mAcc"": 0.2975779327765434, ""AP_agnostic"": 0.057, ""Num_Instances"": 113.0}, {""Scene"": ""office2"", ""mIoU"": 0.22974751370974486, ""mAcc"": 0.2882964745084997, ""AP_agnostic"": 0.122, ""Num_Instances"": 172.0}, {""Scene"": ""office3"", ""mIoU"": 0.23365958197211437, ""mAcc"": 0.29752543388098873, ""AP_agnostic"": 0.094, ""Num_Instances"": 283.0}, {""Scene"": ""office4"", ""mIoU"": 0.4272960486153737, ""mAcc"": 0.5541593069402312, ""AP_agnostic"": 0.071, ""Num_Instances"": 215.0}, {""Scene"": ""room0"", ""mIoU"": 0.2742617163816554, ""mAcc"": 0.34070685999033773, ""AP_agnostic"": 0.07, ""Num_Instances"": 257.0}, {""Scene"": ""room1"", ""mIoU"": 0.3256288410708121, ""mAcc"": 0.45745665396368723, ""AP_agnostic"": 0.081, ""Num_Instances"": 153.0}, {""Scene"": ""room2"", ""mIoU"": 0.25002198530712344, ""mAcc"": 0.3181416576247496, ""AP_agnostic"": 0.033, ""Num_Instances"": 175.0}]",0.5333333333333334,0.97,0.11333333333333334,0.8,0.75,0.05,2.0
aggressive,morris-aggressive-4,20260614_GT_CLIP_morris-aggressive-4_18cc4,5fb61fe,2026-06-14T02:31:30.580480,370.797393,"[""cooccurrence"", ""aabb"", ""cos_sim"", ""overlap""]",0.2322656637691931,0.3467884640061642,0.0,0.068,153.0,8,"[{""Scene"": ""office0"", ""mIoU"": 0.17856092646428998, ""mAcc"": 0.2597443962581239, ""AP_agnostic"": 0.0, ""Num_Instances"": 261.0}, {""Scene"": ""office1"", ""mIoU"": 0.16681852530495944, ""mAcc"": 0.2975779327765434, ""AP_agnostic"": 0.057, ""Num_Instances"": 113.0}, {""Scene"": ""office2"", ""mIoU"": 0.22974751370974486, ""mAcc"": 0.2882964745084997, ""AP_agnostic"": 0.122, ""Num_Instances"": 172.0}, {""Scene"": ""office3"", ""mIoU"": 0.23365958197211437, ""mAcc"": 0.29752543388098873, ""AP_agnostic"": 0.094, ""Num_Instances"": 283.0}, {""Scene"": ""office4"", ""mIoU"": 0.4272960486153737, ""mAcc"": 0.5541593069402312, ""AP_agnostic"": 0.071, ""Num_Instances"": 215.0}, {""Scene"": ""room0"", ""mIoU"": 0.2742617163816554, ""mAcc"": 0.34070685999033773, ""AP_agnostic"": 0.07, ""Num_Instances"": 257.0}, {""Scene"": ""room1"", ""mIoU"": 0.3256288410708121, ""mAcc"": 0.45745665396368723, ""AP_agnostic"": 0.081, ""Num_Instances"": 153.0}, {""Scene"": ""room2"", ""mIoU"": 0.25002198530712344, ""mAcc"": 0.3181416576247496, ""AP_agnostic"": 0.033, ""Num_Instances"": 175.0}]",0.5333333333333334,0.97,0.11333333333333334,0.8,0.9033333333333333,0.05,2.0
aggressive,morris-aggressive-5,20260614_GT_CLIP_morris-aggressive-5_e9250,5fb61fe,2026-06-14T02:37:41.386522,370.143907,"[""cooccurrence"", ""aabb"", ""cos_sim"", ""overlap""]",0.2322690070397229,0.34679536693420077,0.0,0.068,153.0,8,"[{""Scene"": ""office0"", ""mIoU"": 0.17856092646428998, ""mAcc"": 0.2597443962581239, ""AP_agnostic"": 0.0, ""Num_Instances"": 261.0}, {""Scene"": ""office1"", ""mIoU"": 0.16681852530495944, ""mAcc"": 0.2975779327765434, ""AP_agnostic"": 0.057, ""Num_Instances"": 113.0}, {""Scene"": ""office2"", ""mIoU"": 0.22974751370974486, ""mAcc"": 0.2882964745084997, ""AP_agnostic"": 0.122, ""Num_Instances"": 172.0}, {""Scene"": ""office3"", ""mIoU"": 0.23367697357496237, ""mAcc"": 0.2975818808557887, ""AP_agnostic"": 0.094, ""Num_Instances"": 280.0}, {""Scene"": ""office4"", ""mIoU"": 0.427301287940061, ""mAcc"": 0.5541649294679265, ""AP_agnostic"": 0.071, ""Num_Instances"": 214.0}, {""Scene"": ""room0"", ""mIoU"": 0.2742617163816554, ""mAcc"": 0.34070685999033773, ""AP_agnostic"": 0.07, ""Num_Instances"": 256.0}, {""Scene"": ""room1"", ""mIoU"": 0.3256288410708121, ""mAcc"": 0.45745665396368723, ""AP_agnostic"": 0.081, ""Num_Instances"": 153.0}, {""Scene"": ""room2"", ""mIoU"": 0.25002198530712344, ""mAcc"": 0.3181416576247496, ""AP_agnostic"": 0.033, ""Num_Instances"": 175.0}]",0.5333333333333334,0.97,0.11333333333333334,0.8,0.9033333333333333,0.05,11.0
aggressive,morris-aggressive-6,20260614_GT_CLIP_morris-aggressive-6_9b77e,5fb61fe,2026-06-14T02:43:51.538465,370.59972,"[""cooccurrence"", ""aabb"", ""cos_sim"", ""overlap""]",0.23226828153064577,0.346795016115747,0.0,0.068,153.0,8,"[{""Scene"": ""office0"", ""mIoU"": 0.17856092646428998, ""mAcc"": 0.2597443962581239, ""AP_agnostic"": 0.0, ""Num_Instances"": 261.0}, {""Scene"": ""office1"", ""mIoU"": 0.16681852530495944, ""mAcc"": 0.2975779327765434, ""AP_agnostic"": 0.057, ""Num_Instances"": 113.0}, {""Scene"": ""office2"", ""mIoU"": 0.22974751370974486, ""mAcc"": 0.2882964745084997, ""AP_agnostic"": 0.122, ""Num_Instances"": 172.0}, {""Scene"": ""office3"", ""mIoU"": 0.23367655186570277, ""mAcc"": 0.2975815266809169, ""AP_agnostic"": 0.094, ""Num_Instances"": 283.0}, {""Scene"": ""office4"", ""mIoU"": 0.4272960486153737, ""mAcc"": 0.5541593069402312, ""AP_agnostic"": 0.071, ""Num_Instances"": 215.0}, {""Scene"": ""room0"", ""mIoU"": 0.2742617163816554, ""mAcc"": 0.34070685999033773, ""AP_agnostic"": 0.07, ""Num_Instances"": 257.0}, {""Scene"": ""room1"", ""mIoU"": 0.3256288410708121, ""mAcc"": 0.45745665396368723, ""AP_agnostic"": 0.081, ""Num_Instances"": 153.0}, {""Scene"": ""room2"", ""mIoU"": 0.25002198530712344, ""mAcc"": 0.3181416576247496, ""AP_agnostic"": 0.033, ""Num_Instances"": 175.0}]",0.5333333333333334,0.97,0.11333333333333334,0.8,0.9033333333333333,0.35,11.0
aggressive,morris-aggressive-7,20260614_GT_CLIP_morris-aggressive-7_44b06,5fb61fe,2026-06-14T02:50:02.146507,540.049635,"[""cooccurrence"", ""aabb"", ""cos_sim"", ""overlap""]",0.2097093391968625,0.32429631748988996,0.0,0.111,82.0,8,"[{""Scene"": ""office0"", ""mIoU"": 0.16525039072546596, ""mAcc"": 0.25266387905763465, ""AP_agnostic"": 0.011, ""Num_Instances"": 103.0}, {""Scene"": ""office1"", ""mIoU"": 0.1638419193982302, ""mAcc"": 0.31622255383599335, ""AP_agnostic"": 0.059, ""Num_Instances"": 53.0}, {""Scene"": ""office2"", ""mIoU"": 0.24541945239179438, ""mAcc"": 0.30988958507676734, ""AP_agnostic"": 0.121, ""Num_Instances"": 98.0}, {""Scene"": ""office3"", ""mIoU"": 0.2073108733785537, ""mAcc"": 0.28463561997698467, ""AP_agnostic"": 0.121, ""Num_Instances"": 150.0}, {""Scene"": ""office4"", ""mIoU"": 0.42671072693665113, ""mAcc"": 0.5399578323856093, ""AP_agnostic"": 0.2, ""Num_Instances"": 110.0}, {""Scene"": ""room0"", ""mIoU"": 0.24602393284936314, ""mAcc"": 0.3176096118466273, ""AP_agnostic"": 0.142, ""Num_Instances"": 110.0}, {""Scene"": ""room1"", ""mIoU"": 0.2929067699644516, ""mAcc"": 0.4199268969396068, ""AP_agnostic"": 0.159, ""Num_Instances"": 82.0}, {""Scene"": ""room2"", ""mIoU"": 0.23216511029639705, ""mAcc"": 0.29585562854575015, ""AP_agnostic"": 0.053, ""Num_Instances"": 93.0}]",0.5333333333333334,0.6566666666666667,0.11333333333333334,0.8,0.9033333333333333,0.35,11.0
aggressive,morris-aggressive-8,20260614_GT_CLIP_morris-aggressive-8_10ad5,5fb61fe,2026-06-14T02:59:02.204063,374.267656,"[""cooccurrence"", ""aabb"", ""cos_sim"", ""overlap""]",0.23882991972520254,0.3539145236170863,0.0,0.111,85.0,8,"[{""Scene"": ""office0"", ""mIoU"": 0.20319461148097953, ""mAcc"": 0.275905930782422, ""AP_agnostic"": 0.014, ""Num_Instances"": 121.0}, {""Scene"": ""office1"", ""mIoU"": 0.1855664808219353, ""mAcc"": 0.3294796011165909, ""AP_agnostic"": 0.068, ""Num_Instances"": 57.0}, {""Scene"": ""office2"", ""mIoU"": 0.2521072801472712, ""mAcc"": 0.3257964461771489, ""AP_agnostic"": 0.126, ""Num_Instances"": 108.0}, {""Scene"": ""office3"", ""mIoU"": 0.24013160576385303, ""mAcc"": 0.3136773428635998, ""AP_agnostic"": 0.122, ""Num_Instances"": 163.0}, {""Scene"": ""office4"", ""mIoU"": 0.41914696214566366, ""mAcc"": 0.5569596960812822, ""AP_agnostic"": 0.202, ""Num_Instances"": 125.0}, {""Scene"": ""room0"", ""mIoU"": 0.2550062349709066, ""mAcc"": 0.3268468809122307, ""AP_agnostic"": 0.131, ""Num_Instances"": 129.0}, {""Scene"": ""room1"", ""mIoU"": 0.3136087651797245, ""mAcc"": 0.45102833676956033, ""AP_agnostic"": 0.155, ""Num_Instances"": 85.0}, {""Scene"": ""room2"", ""mIoU"": 0.26898330017835637, ""mAcc"": 0.33433724141006077, ""AP_agnostic"": 0.058, ""Num_Instances"": 102.0}]",1.0166666666666666,0.8133333333333332,0.11333333333333334,0.4,0.98,0.2,11.0
aggressive,morris-aggressive-9,20260614_GT_CLIP_morris-aggressive-9_68ac8,5fb61fe,2026-06-14T03:05:16.480153,548.424368,"[""cooccurrence"", ""aabb"", ""cos_sim"", ""overlap""]",0.19918277254350675,0.30034805236598805,0.0,0.106,68.0,8,"[{""Scene"": ""office0"", ""mIoU"": 0.15509624186434184, ""mAcc"": 0.2335584829837219, ""AP_agnostic"": 0.003, ""Num_Instances"": 85.0}, {""Scene"": ""office1"", ""mIoU"": 0.15551994115834566, ""mAcc"": 0.2577045220318044, ""AP_agnostic"": 0.085, ""Num_Instances"": 43.0}, {""Scene"": ""office2"", ""mIoU"": 0.23221040479566282, ""mAcc"": 0.30918686600128803, ""AP_agnostic"": 0.152, ""Num_Instances"": 89.0}, {""Scene"": ""office3"", ""mIoU"": 0.2071914278996848, ""mAcc"": 0.28451241091149554, ""AP_agnostic"": 0.116, ""Num_Instances"": 143.0}, {""Scene"": ""office4"", ""mIoU"": 0.40711799497472767, ""mAcc"": 0.549516780279458, ""AP_agnostic"": 0.192, ""Num_Instances"": 98.0}, {""Scene"": ""room0"", ""mIoU"": 0.22208729734328264, ""mAcc"": 0.2911688319539794, ""AP_agnostic"": 0.109, ""Num_Instances"": 91.0}, {""Scene"": ""room1"", ""mIoU"": 0.2479774684528862, ""mAcc"": 0.37130857026076763, ""AP_agnostic"": 0.144, ""Num_Instances"": 68.0}, {""Scene"": ""room2"", ""mIoU"": 0.22343852343611575, ""mAcc"": 0.2847478351877567, ""AP_agnostic"": 0.053, ""Num_Instances"": 78.0}]",1.0166666666666666,0.5,0.11333333333333334,0.4,0.98,0.2,11.0
aggressive,morris-aggressive-10,20260614_GT_CLIP_morris-aggressive-10_ccb27,5fb61fe,2026-06-14T03:14:24.913281,502.693758,"[""cooccurrence"", ""aabb"", ""cos_sim"", ""overlap""]",0.22150223624684023,0.32709754218951476,0.0,0.104,81.0,8,"[{""Scene"": ""office0"", ""mIoU"": 0.17170098463205818, ""mAcc"": 0.2586754523248243, ""AP_agnostic"": 0.004, ""Num_Instances"": 97.0}, {""Scene"": ""office1"", ""mIoU"": 0.1876876790500881, ""mAcc"": 0.3199005143053575, ""AP_agnostic"": 0.066, ""Num_Instances"": 59.0}, {""Scene"": ""office2"", ""mIoU"": 0.25091516282971543, ""mAcc"": 0.3116696014755243, ""AP_agnostic"": 0.126, ""Num_Instances"": 103.0}, {""Scene"": ""office3"", ""mIoU"": 0.24302856933178, ""mAcc"": 0.3204160209418308, ""AP_agnostic"": 0.118, ""Num_Instances"": 160.0}, {""Scene"": ""office4"", ""mIoU"": 0.4336716576374324, ""mAcc"": 0.5609824413133594, ""AP_agnostic"": 0.183, ""Num_Instances"": 112.0}, {""Scene"": ""room0"", ""mIoU"": 0.2545366667169795, ""mAcc"": 0.3224147790384421, ""AP_agnostic"": 0.135, ""Num_Instances"": 132.0}, {""Scene"": ""room1"", ""mIoU"": 0.25559281417243035, ""mAcc"": 0.3783370408442437, ""AP_agnostic"": 0.128, ""Num_Instances"": 81.0}, {""Scene"": ""room2"", ""mIoU"": 0.25873041153613097, ""mAcc"": 0.32201277765474734, ""AP_agnostic"": 0.055, ""Num_Instances"": 92.0}]",1.0166666666666666,0.5,0.11333333333333334,0.4,0.98,0.2,2.0
aggressive,morris-aggressive-11,20260614_GT_CLIP_morris-aggressive-11_bff83,5fb61fe,2026-06-14T03:22:47.615257,451.615971,"[""cooccurrence"", ""aabb"", ""cos_sim"", ""overlap""]",0.21767910660232886,0.30958293716962637,0.0,0.084,67.0,8,"[{""Scene"": ""office0"", ""mIoU"": 0.15396197359766592, ""mAcc"": 0.22025510418514835, ""AP_agnostic"": 0.004, ""Num_Instances"": 67.0}, {""Scene"": ""office1"", ""mIoU"": 0.16161487725369725, ""mAcc"": 0.2835875722798832, ""AP_agnostic"": 0.058, ""Num_Instances"": 46.0}, {""Scene"": ""office2"", ""mIoU"": 0.22202851998349296, ""mAcc"": 0.2806966490400011, ""AP_agnostic"": 0.112, ""Num_Instances"": 86.0}, {""Scene"": ""office3"", ""mIoU"": 0.22393390111445952, ""mAcc"": 0.2986646749696351, ""AP_agnostic"": 0.124, ""Num_Instances"": 136.0}, {""Scene"": ""office4"", ""mIoU"": 0.43847320039506243, ""mAcc"": 0.547705947058342, ""AP_agnostic"": 0.109, ""Num_Instances"": 93.0}, {""Scene"": ""room0"", ""mIoU"": 0.29815407322749893, ""mAcc"": 0.3494152168124798, ""AP_agnostic"": 0.098, ""Num_Instances"": 111.0}, {""Scene"": ""room1"", ""mIoU"": 0.23620416169875838, ""mAcc"": 0.3219867541697677, ""AP_agnostic"": 0.096, ""Num_Instances"": 67.0}, {""Scene"": ""room2"", ""mIoU"": 0.2597117690740631, ""mAcc"": 0.32529538307308353, ""AP_agnostic"": 0.039, ""Num_Instances"": 71.0}]",1.0166666666666666,0.5,0.3,0.4,0.98,0.2,2.0
aggressive,morris-aggressive-12,20260614_GT_CLIP_morris-aggressive-12_fac1f,5fb61fe,2026-06-14T03:30:19.239828,451.84007,"[""cooccurrence"", ""aabb"", ""cos_sim"", ""overlap""]",0.21767910660232886,0.30958293716962637,0.0,0.084,67.0,8,"[{""Scene"": ""office0"", ""mIoU"": 0.15396197359766592, ""mAcc"": 0.22025510418514835, ""AP_agnostic"": 0.004, ""Num_Instances"": 67.0}, {""Scene"": ""office1"", ""mIoU"": 0.16161487725369725, ""mAcc"": 0.2835875722798832, ""AP_agnostic"": 0.058, ""Num_Instances"": 46.0}, {""Scene"": ""office2"", ""mIoU"": 0.22202851998349296, ""mAcc"": 0.2806966490400011, ""AP_agnostic"": 0.112, ""Num_Instances"": 86.0}, {""Scene"": ""office3"", ""mIoU"": 0.22393390111445952, ""mAcc"": 0.2986646749696351, ""AP_agnostic"": 0.124, ""Num_Instances"": 136.0}, {""Scene"": ""office4"", ""mIoU"": 0.43847320039506243, ""mAcc"": 0.547705947058342, ""AP_agnostic"": 0.109, ""Num_Instances"": 93.0}, {""Scene"": ""room0"", ""mIoU"": 0.29815407322749893, ""mAcc"": 0.3494152168124798, ""AP_agnostic"": 0.098, ""Num_Instances"": 111.0}, {""Scene"": ""room1"", ""mIoU"": 0.23620416169875838, ""mAcc"": 0.3219867541697677, ""AP_agnostic"": 0.096, ""Num_Instances"": 67.0}, {""Scene"": ""room2"", ""mIoU"": 0.2597117690740631, ""mAcc"": 0.32529538307308353, ""AP_agnostic"": 0.039, ""Num_Instances"": 71.0}]",1.0166666666666666,0.5,0.3,0.4,0.98,0.5,2.0
aggressive,morris-aggressive-13,20260614_GT_CLIP_morris-aggressive-13_1a78a,5fb61fe,2026-06-14T03:37:51.088511,451.069852,"[""cooccurrence"", ""aabb"", ""cos_sim"", ""overlap""]",0.21767910660232886,0.30958293716962637,0.0,0.084,67.0,8,"[{""Scene"": ""office0"", ""mIoU"": 0.15396197359766592, ""mAcc"": 0.22025510418514835, ""AP_agnostic"": 0.004, ""Num_Instances"": 67.0}, {""Scene"": ""office1"", ""mIoU"": 0.16161487725369725, ""mAcc"": 0.2835875722798832, ""AP_agnostic"": 0.058, ""Num_Instances"": 46.0}, {""Scene"": ""office2"", ""mIoU"": 0.22202851998349296, ""mAcc"": 0.2806966490400011, ""AP_agnostic"": 0.112, ""Num_Instances"": 86.0}, {""Scene"": ""office3"", ""mIoU"": 0.22393390111445952, ""mAcc"": 0.2986646749696351, ""AP_agnostic"": 0.124, ""Num_Instances"": 136.0}, {""Scene"": ""office4"", ""mIoU"": 0.43847320039506243, ""mAcc"": 0.547705947058342, ""AP_agnostic"": 0.109, ""Num_Instances"": 93.0}, {""Scene"": ""room0"", ""mIoU"": 0.29815407322749893, ""mAcc"": 0.3494152168124798, ""AP_agnostic"": 0.098, ""Num_Instances"": 111.0}, {""Scene"": ""room1"", ""mIoU"": 0.23620416169875838, ""mAcc"": 0.3219867541697677, ""AP_agnostic"": 0.096, ""Num_Instances"": 67.0}, {""Scene"": ""room2"", ""mIoU"": 0.2597117690740631, ""mAcc"": 0.32529538307308353, ""AP_agnostic"": 0.039, ""Num_Instances"": 71.0}]",1.0166666666666666,0.5,0.3,0.4,0.8266666666666667,0.5,2.0
aggressive,morris-aggressive-14,20260614_GT_CLIP_morris-aggressive-14_93f65,5fb61fe,2026-06-14T03:45:22.167222,475.490334,"[""cooccurrence"", ""aabb"", ""cos_sim"", ""overlap""]",0.21925294800490772,0.3230116305268443,0.0,0.089,75.0,8,"[{""Scene"": ""office0"", ""mIoU"": 0.1564669414348159, ""mAcc"": 0.2354816613265264, ""AP_agnostic"": 0.004, ""Num_Instances"": 76.0}, {""Scene"": ""office1"", ""mIoU"": 0.1735668042439263, ""mAcc"": 0.3343165644585735, ""AP_agnostic"": 0.027, ""Num_Instances"": 48.0}, {""Scene"": ""office2"", ""mIoU"": 0.24498869660853312, ""mAcc"": 0.31056642168169235, ""AP_agnostic"": 0.095, ""Num_Instances"": 89.0}, {""Scene"": ""office3"", ""mIoU"": 0.2403434117093029, ""mAcc"": 0.318119829256985, ""AP_agnostic"": 0.123, ""Num_Instances"": 140.0}, {""Scene"": ""office4"", ""mIoU"": 0.4352772486917904, ""mAcc"": 0.5445762535578635, ""AP_agnostic"": 0.164, ""Num_Instances"": 100.0}, {""Scene"": ""room0"", ""mIoU"": 0.2589876232092308, ""mAcc"": 0.32109397328326245, ""AP_agnostic"": 0.111, ""Num_Instances"": 118.0}, {""Scene"": ""room1"", ""mIoU"": 0.2689683270524385, ""mAcc"": 0.38692735757743413, ""AP_agnostic"": 0.114, ""Num_Instances"": 75.0}, {""Scene"": ""room2"", ""mIoU"": 0.25470649536096907, ""mAcc"": 0.315545014625677, ""AP_agnostic"": 0.04, ""Num_Instances"": 78.0}]",1.0166666666666666,0.5,0.3,0.8,0.8266666666666667,0.5,2.0
aggressive,morris-aggressive-15,20260614_GT_CLIP_morris-aggressive-15_54a2f,5fb61fe,2026-06-14T03:53:17.666362,399.337459,"[""cooccurrence"", ""aabb"", ""cos_sim"", ""overlap""]",0.22008129631954876,0.32204146259894445,0.0,0.09,76.0,8,"[{""Scene"": ""office0"", ""mIoU"": 0.15129003479494832, ""mAcc"": 0.23332121494984406, ""AP_agnostic"": 0.004, ""Num_Instances"": 88.0}, {""Scene"": ""office1"", ""mIoU"": 0.1930987196513371, ""mAcc"": 0.3358670046136349, ""AP_agnostic"": 0.037, ""Num_Instances"": 49.0}, {""Scene"": ""office2"", ""mIoU"": 0.24716211414307085, ""mAcc"": 0.31233588894482306, ""AP_agnostic"": 0.094, ""Num_Instances"": 90.0}, {""Scene"": ""office3"", ""mIoU"": 0.24204249882221873, ""mAcc"": 0.31955690353196325, ""AP_agnostic"": 0.13, ""Num_Instances"": 146.0}, {""Scene"": ""office4"", ""mIoU"": 0.434857790042236, ""mAcc"": 0.5443181446226174, ""AP_agnostic"": 0.162, ""Num_Instances"": 103.0}, {""Scene"": ""room0"", ""mIoU"": 0.259617494082135, ""mAcc"": 0.32027641990387506, ""AP_agnostic"": 0.106, ""Num_Instances"": 117.0}, {""Scene"": ""room1"", ""mIoU"": 0.2690315930775642, ""mAcc"": 0.3869578767854607, ""AP_agnostic"": 0.114, ""Num_Instances"": 76.0}, {""Scene"": ""room2"", ""mIoU"": 0.2500750726807115, ""mAcc"": 0.31270383870502255, ""AP_agnostic"": 0.04, ""Num_Instances"": 79.0}]",0.05,0.5,0.3,0.8,0.8266666666666667,0.5,2.0
aggressive,morris-aggressive-16,20260614_GT_CLIP_morris-aggressive-16_974e5,5fb61fe,2026-06-14T03:59:57.012458,372.532812,"[""cooccurrence"", ""aabb"", ""cos_sim"", ""overlap""]",0.23767559519801257,0.3528351225767882,0.0,0.11,84.0,8,"[{""Scene"": ""office0"", ""mIoU"": 0.20984929500325478, ""mAcc"": 0.29171969170783757, ""AP_agnostic"": 0.016, ""Num_Instances"": 120.0}, {""Scene"": ""office1"", ""mIoU"": 0.18337947607771454, ""mAcc"": 0.327378886933389, ""AP_agnostic"": 0.068, ""Num_Instances"": 54.0}, {""Scene"": ""office2"", ""mIoU"": 0.2503779357931494, ""mAcc"": 0.3189458696390286, ""AP_agnostic"": 0.125, ""Num_Instances"": 107.0}, {""Scene"": ""office3"", ""mIoU"": 0.24549862259789806, ""mAcc"": 0.31714452691209016, ""AP_agnostic"": 0.124, ""Num_Instances"": 159.0}, {""Scene"": ""office4"", ""mIoU"": 0.4194202988770268, ""mAcc"": 0.5570420333412348, ""AP_agnostic"": 0.2, ""Num_Instances"": 124.0}, {""Scene"": ""room0"", ""mIoU"": 0.255052188177562, ""mAcc"": 0.3268783699788564, ""AP_agnostic"": 0.122, ""Num_Instances"": 126.0}, {""Scene"": ""room1"", ""mIoU"": 0.30826749335134634, ""mAcc"": 0.4462723239872121, ""AP_agnostic"": 0.154, ""Num_Instances"": 84.0}, {""Scene"": ""room2"", ""mIoU"": 0.26889817561568957, ""mAcc"": 0.3342600665855245, ""AP_agnostic"": 0.055, ""Num_Instances"": 102.0}]",0.5333333333333334,0.8133333333333332,0.11333333333333334,0.4,0.75,0.5,15.0
aggressive,morris-aggressive-17,20260614_GT_CLIP_morris-aggressive-17_888d3,5fb61fe,2026-06-14T04:06:09.553675,360.997459,"[""cooccurrence"", ""aabb"", ""cos_sim"", ""overlap""]",0.23629841503399807,0.3537879873481932,0.0,0.084,78.0,8,"[{""Scene"": ""office0"", ""mIoU"": 0.2106643793794084, ""mAcc"": 0.2984488766161285, ""AP_agnostic"": 0.009, ""Num_Instances"": 110.0}, {""Scene"": ""office1"", ""mIoU"": 0.18104674907232243, ""mAcc"": 0.33514098438684914, ""AP_agnostic"": 0.071, ""Num_Instances"": 51.0}, {""Scene"": ""office2"", ""mIoU"": 0.26594796743113136, ""mAcc"": 0.33784804325744516, ""AP_agnostic"": 0.062, ""Num_Instances"": 89.0}, {""Scene"": ""office3"", ""mIoU"": 0.2411180030261395, ""mAcc"": 0.31431403741916997, ""AP_agnostic"": 0.096, ""Num_Instances"": 133.0}, {""Scene"": ""office4"", ""mIoU"": 0.4203318133645853, ""mAcc"": 0.5582814341854031, ""AP_agnostic"": 0.127, ""Num_Instances"": 105.0}, {""Scene"": ""room0"", ""mIoU"": 0.260644937351498, ""mAcc"": 0.33356510070257, ""AP_agnostic"": 0.115, ""Num_Instances"": 113.0}, {""Scene"": ""room1"", ""mIoU"": 0.3079630252680678, ""mAcc"": 0.44177911041242446, ""AP_agnostic"": 0.131, ""Num_Instances"": 78.0}, {""Scene"": ""room2"", ""mIoU"": 0.2667739590230817, ""mAcc"": 0.3314484510619289, ""AP_agnostic"": 0.047, ""Num_Instances"": 93.0}]",0.5333333333333334,0.8133333333333332,0.11333333333333334,0.4,0.75,0.2,15.0
aggressive,morris-aggressive-18,20260614_GT_CLIP_morris-aggressive-18_50cef,5fb61fe,2026-06-14T04:12:10.560100,367.091744,"[""cooccurrence"", ""aabb"", ""cos_sim"", ""overlap""]",0.23760886137320775,0.35277942650672967,0.0,0.099,83.0,8,"[{""Scene"": ""office0"", ""mIoU"": 0.20984929500325478, ""mAcc"": 0.29171969170783757, ""AP_agnostic"": 0.016, ""Num_Instances"": 117.0}, {""Scene"": ""office1"", ""mIoU"": 0.18337947607771454, ""mAcc"": 0.327378886933389, ""AP_agnostic"": 0.068, ""Num_Instances"": 53.0}, {""Scene"": ""office2"", ""mIoU"": 0.25036234260286494, ""mAcc"": 0.3189954380920892, ""AP_agnostic"": 0.09, ""Num_Instances"": 95.0}, {""Scene"": ""office3"", ""mIoU"": 0.24549665283378191, ""mAcc"": 0.3171389092008953, ""AP_agnostic"": 0.102, ""Num_Instances"": 138.0}, {""Scene"": ""office4"", ""mIoU"": 0.41944489333991625, ""mAcc"": 0.5570615384065001, ""AP_agnostic"": 0.178, ""Num_Instances"": 114.0}, {""Scene"": ""room0"", ""mIoU"": 0.25508370590751656, ""mAcc"": 0.3269056063572545, ""AP_agnostic"": 0.122, ""Num_Instances"": 121.0}, {""Scene"": ""room1"", ""mIoU"": 0.3068629699361301, ""mAcc"": 0.4449616714796293, ""AP_agnostic"": 0.154, ""Num_Instances"": 83.0}, {""Scene"": ""room2"", ""mIoU"": 0.26889810638819683, ""mAcc"": 0.3342614779505231, ""AP_agnostic"": 0.055, ""Num_Instances"": 98.0}]",0.5333333333333334,0.8133333333333332,0.11333333333333334,0.4,0.9033333333333333,0.2,15.0
aggressive,morris-aggressive-19,20260614_GT_CLIP_morris-aggressive-19_22c1f,5fb61fe,2026-06-14T04:18:17.660213,383.101877,"[""cooccurrence"", ""aabb"", ""cos_sim"", ""overlap""]",0.23760886137320775,0.35277942650672967,0.0,0.099,83.0,8,"[{""Scene"": ""office0"", ""mIoU"": 0.20984929500325478, ""mAcc"": 0.29171969170783757, ""AP_agnostic"": 0.016, ""Num_Instances"": 117.0}, {""Scene"": ""office1"", ""mIoU"": 0.18337947607771454, ""mAcc"": 0.327378886933389, ""AP_agnostic"": 0.068, ""Num_Instances"": 53.0}, {""Scene"": ""office2"", ""mIoU"": 0.25036234260286494, ""mAcc"": 0.3189954380920892, ""AP_agnostic"": 0.09, ""Num_Instances"": 95.0}, {""Scene"": ""office3"", ""mIoU"": 0.24549665283378191, ""mAcc"": 0.3171389092008953, ""AP_agnostic"": 0.102, ""Num_Instances"": 138.0}, {""Scene"": ""office4"", ""mIoU"": 0.41944489333991625, ""mAcc"": 0.5570615384065001, ""AP_agnostic"": 0.178, ""Num_Instances"": 114.0}, {""Scene"": ""room0"", ""mIoU"": 0.25508370590751656, ""mAcc"": 0.3269056063572545, ""AP_agnostic"": 0.122, ""Num_Instances"": 121.0}, {""Scene"": ""room1"", ""mIoU"": 0.3068629699361301, ""mAcc"": 0.4449616714796293, ""AP_agnostic"": 0.154, ""Num_Instances"": 83.0}, {""Scene"": ""room2"", ""mIoU"": 0.26889810638819683, ""mAcc"": 0.3342614779505231, ""AP_agnostic"": 0.055, ""Num_Instances"": 98.0}]",1.5,0.8133333333333332,0.11333333333333334,0.4,0.9033333333333333,0.2,15.0
aggressive,morris-aggressive-20,20260614_GT_CLIP_morris-aggressive-20_33d1a,5fb61fe,2026-06-14T04:24:40.770197,364.709107,"[""cooccurrence"", ""aabb"", ""cos_sim"", ""overlap""]",0.23034169035697324,0.3394816322135645,0.0,0.063,69.0,8,"[{""Scene"": ""office0"", ""mIoU"": 0.20727945468734346, ""mAcc"": 0.27804934320776337, ""AP_agnostic"": 0.005, ""Num_Instances"": 87.0}, {""Scene"": ""office1"", ""mIoU"": 0.17023944695626164, ""mAcc"": 0.29975247952423645, ""AP_agnostic"": 0.076, ""Num_Instances"": 44.0}, {""Scene"": ""office2"", ""mIoU"": 0.2600134049338774, ""mAcc"": 0.33331413782075153, ""AP_agnostic"": 0.033, ""Num_Instances"": 79.0}, {""Scene"": ""office3"", ""mIoU"": 0.22951311216124104, ""mAcc"": 0.29227533897768154, ""AP_agnostic"": 0.08, ""Num_Instances"": 111.0}, {""Scene"": ""office4"", ""mIoU"": 0.42066011115688257, ""mAcc"": 0.5589362737709378, ""AP_agnostic"": 0.084, ""Num_Instances"": 86.0}, {""Scene"": ""room0"", ""mIoU"": 0.24053863146633644, ""mAcc"": 0.3121894305914308, ""AP_agnostic"": 0.069, ""Num_Instances"": 96.0}, {""Scene"": ""room1"", ""mIoU"": 0.2947908470404718, ""mAcc"": 0.4289281302971758, ""AP_agnostic"": 0.12, ""Num_Instances"": 69.0}, {""Scene"": ""room2"", ""mIoU"": 0.2800602623031162, ""mAcc"": 0.35024422007334444, ""AP_agnostic"": 0.04, ""Num_Instances"": 77.0}]",1.5,0.8133333333333332,0.3,0.4,0.9033333333333333,0.2,15.0
aggressive,morris-aggressive-21,20260614_GT_CLIP_morris-aggressive-21_02aaf,5fb61fe,2026-06-14T04:30:45.487956,363.613024,"[""cooccurrence"", ""aabb"", ""cos_sim"", ""overlap""]",0.23327228270327113,0.3430300154589074,0.0,0.066,77.0,8,"[{""Scene"": ""office0"", ""mIoU"": 0.215489760371602, ""mAcc"": 0.2836155883726454, ""AP_agnostic"": 0.002, ""Num_Instances"": 93.0}, {""Scene"": ""office1"", ""mIoU"": 0.1681859966497722, ""mAcc"": 0.31156817285835936, ""AP_agnostic"": 0.072, ""Num_Instances"": 50.0}, {""Scene"": ""office2"", ""mIoU"": 0.26457290469001987, ""mAcc"": 0.32935058966775227, ""AP_agnostic"": 0.022, ""Num_Instances"": 88.0}, {""Scene"": ""office3"", ""mIoU"": 0.22763880585319557, ""mAcc"": 0.2907783602054435, ""AP_agnostic"": 0.081, ""Num_Instances"": 128.0}, {""Scene"": ""office4"", ""mIoU"": 0.41760071756315326, ""mAcc"": 0.5571770081255153, ""AP_agnostic"": 0.11, ""Num_Instances"": 101.0}, {""Scene"": ""room0"", ""mIoU"": 0.24771739071991106, ""mAcc"": 0.3233524354759877, ""AP_agnostic"": 0.086, ""Num_Instances"": 112.0}, {""Scene"": ""room1"", ""mIoU"": 0.2989789165380686, ""mAcc"": 0.4336699355387072, ""AP_agnostic"": 0.121, ""Num_Instances"": 77.0}, {""Scene"": ""room2"", ""mIoU"": 0.2729635988864847, ""mAcc"": 0.3453354474169631, ""AP_agnostic"": 0.039, ""Num_Instances"": 85.0}]",1.5,0.8133333333333332,0.3,0.4,0.9033333333333333,0.2,6.0
aggressive,morris-aggressive-22,20260614_GT_CLIP_morris-aggressive-22_69c22,5fb61fe,2026-06-14T04:36:49.109823,529.893833,"[""cooccurrence"", ""aabb"", ""cos_sim"", ""overlap""]",0.20761008828142774,0.29010077855652705,0.0,0.059,55.0,8,"[{""Scene"": ""office0"", ""mIoU"": 0.16244291383776582, ""mAcc"": 0.2174870772651659, ""AP_agnostic"": 0.001, ""Num_Instances"": 50.0}, {""Scene"": ""office1"", ""mIoU"": 0.15892965049101612, ""mAcc"": 0.2535128958082385, ""AP_agnostic"": 0.081, ""Num_Instances"": 35.0}, {""Scene"": ""office2"", ""mIoU"": 0.217336337099596, ""mAcc"": 0.27685718804572784, ""AP_agnostic"": 0.054, ""Num_Instances"": 69.0}, {""Scene"": ""office3"", ""mIoU"": 0.21477492951957794, ""mAcc"": 0.2777233024082873, ""AP_agnostic"": 0.09, ""Num_Instances"": 104.0}, {""Scene"": ""office4"", ""mIoU"": 0.3522597492493926, ""mAcc"": 0.46183400961145216, ""AP_agnostic"": 0.056, ""Num_Instances"": 80.0}, {""Scene"": ""room0"", ""mIoU"": 0.23009057930959803, ""mAcc"": 0.27938483227402716, ""AP_agnostic"": 0.075, ""Num_Instances"": 86.0}, {""Scene"": ""room1"", ""mIoU"": 0.217911787624992, ""mAcc"": 0.30502930387740984, ""AP_agnostic"": 0.082, ""Num_Instances"": 55.0}, {""Scene"": ""room2"", ""mIoU"": 0.23257153067961597, ""mAcc"": 0.3126024846050484, ""AP_agnostic"": 0.02, ""Num_Instances"": 60.0}]",1.5,0.5,0.3,0.4,0.9033333333333333,0.2,6.0
aggressive,morris-aggressive-23,20260614_GT_CLIP_morris-aggressive-23_acf5e,5fb61fe,2026-06-14T04:45:39.012444,583.070525,"[""cooccurrence"", ""aabb"", ""cos_sim"", ""overlap""]",0.21007041973076238,0.3002098117664503,0.0,0.078,61.0,8,"[{""Scene"": ""office0"", ""mIoU"": 0.1784456583946521, ""mAcc"": 0.2597677857707766, ""AP_agnostic"": 0.001, ""Num_Instances"": 61.0}, {""Scene"": ""office1"", ""mIoU"": 0.17828155582663052, ""mAcc"": 0.3034776125131557, ""AP_agnostic"": 0.07, ""Num_Instances"": 42.0}, {""Scene"": ""office2"", ""mIoU"": 0.20939614431175566, ""mAcc"": 0.26931630547446883, ""AP_agnostic"": 0.048, ""Num_Instances"": 74.0}, {""Scene"": ""office3"", ""mIoU"": 0.1967454303280565, ""mAcc"": 0.2663550639414601, ""AP_agnostic"": 0.096, ""Num_Instances"": 114.0}, {""Scene"": ""office4"", ""mIoU"": 0.3778622383215053, ""mAcc"": 0.481504117564866, ""AP_agnostic"": 0.133, ""Num_Instances"": 96.0}, {""Scene"": ""room0"", ""mIoU"": 0.23552215330495932, ""mAcc"": 0.2922792141168571, ""AP_agnostic"": 0.106, ""Num_Instances"": 94.0}, {""Scene"": ""room1"", ""mIoU"": 0.2457551994918898, ""mAcc"": 0.36983771581916414, ""AP_agnostic"": 0.106, ""Num_Instances"": 61.0}, {""Scene"": ""room2"", ""mIoU"": 0.2671762717074286, ""mAcc"": 0.3271505858464118, ""AP_agnostic"": 0.05, ""Num_Instances"": 69.0}]",1.5,0.5,0.3,0.8,0.9033333333333333,0.2,6.0
aggressive,morris-aggressive-24,20260614_GT_CLIP_morris-aggressive-24_47dd0,5fb61fe,2026-06-14T04:55:22.092036,486.882566,"[""cooccurrence"", ""aabb"", ""cos_sim"", ""overlap""]",0.23559803450079606,0.34816559893891874,0.0,0.106,88.0,8,"[{""Scene"": ""office0"", ""mIoU"": 0.18391989266277822, ""mAcc"": 0.27314979441241616, ""AP_agnostic"": 0.007, ""Num_Instances"": 107.0}, {""Scene"": ""office1"", ""mIoU"": 0.18374208062189554, ""mAcc"": 0.3337201897700746, ""AP_agnostic"": 0.062, ""Num_Instances"": 68.0}, {""Scene"": ""office2"", ""mIoU"": 0.2552081442127559, ""mAcc"": 0.3186724879106796, ""AP_agnostic"": 0.105, ""Num_Instances"": 105.0}, {""Scene"": ""office3"", ""mIoU"": 0.23883617702455134, ""mAcc"": 0.3175443712936387, ""AP_agnostic"": 0.129, ""Num_Instances"": 164.0}, {""Scene"": ""office4"", ""mIoU"": 0.4547512586506621, ""mAcc"": 0.5641843246202154, ""AP_agnostic"": 0.183, ""Num_Instances"": 120.0}, {""Scene"": ""room0"", ""mIoU"": 0.27593631982404704, ""mAcc"": 0.3478677443723116, ""AP_agnostic"": 0.133, ""Num_Instances"": 132.0}, {""Scene"": ""room1"", ""mIoU"": 0.27284408703416646, ""mAcc"": 0.39332640945714487, ""AP_agnostic"": 0.149, ""Num_Instances"": 88.0}, {""Scene"": ""room2"", ""mIoU"": 0.26219853665407983, ""mAcc"": 0.32723586311989983, ""AP_agnostic"": 0.06, ""Num_Instances"": 99.0}]",0.5333333333333334,0.5,0.11333333333333334,0.8,0.9033333333333333,0.05,2.0
aggressive,morris-aggressive-25,20260614_GT_CLIP_morris-aggressive-25_c834e,5fb61fe,2026-06-14T05:03:28.984050,451.821097,"[""cooccurrence"", ""aabb"", ""cos_sim"", ""overlap""]",0.21844399181580176,0.3271425314640932,0.0,0.1,80.0,8,"[{""Scene"": ""office0"", ""mIoU"": 0.171667175822377, ""mAcc"": 0.2580021889659863, ""AP_agnostic"": 0.004, ""Num_Instances"": 95.0}, {""Scene"": ""office1"", ""mIoU"": 0.1876876790500881, ""mAcc"": 0.3199005143053575, ""AP_agnostic"": 0.066, ""Num_Instances"": 58.0}, {""Scene"": ""office2"", ""mIoU"": 0.25081536949796185, ""mAcc"": 0.311558207961612, ""AP_agnostic"": 0.11, ""Num_Instances"": 94.0}, {""Scene"": ""office3"", ""mIoU"": 0.24302238177852165, ""mAcc"": 0.32041085965229815, ""AP_agnostic"": 0.121, ""Num_Instances"": 154.0}, {""Scene"": ""office4"", ""mIoU"": 0.43303751234124216, ""mAcc"": 0.5624262455275053, ""AP_agnostic"": 0.184, ""Num_Instances"": 115.0}, {""Scene"": ""room0"", ""mIoU"": 0.2544504533336022, ""mAcc"": 0.32232453804161054, ""AP_agnostic"": 0.12, ""Num_Instances"": 126.0}, {""Scene"": ""room1"", ""mIoU"": 0.2569303983828019, ""mAcc"": 0.3790033356940657, ""AP_agnostic"": 0.128, ""Num_Instances"": 80.0}, {""Scene"": ""room2"", ""mIoU"": 0.2599986841915411, ""mAcc"": 0.32323332293648394, ""AP_agnostic"": 0.051, ""Num_Instances"": 88.0}]",0.5333333333333334,0.5,0.11333333333333334,0.4,0.9033333333333333,0.05,2.0
aggressive,morris-aggressive-26,20260614_GT_CLIP_morris-aggressive-26_13ff9,5fb61fe,2026-06-14T05:11:00.814222,499.939134,"[""cooccurrence"", ""aabb"", ""cos_sim"", ""overlap""]",0.19929838420256235,0.30026310262068967,0.0,0.09,67.0,8,"[{""Scene"": ""office0"", ""mIoU"": 0.1550225794788904, ""mAcc"": 0.23356782007906318, ""AP_agnostic"": 0.004, ""Num_Instances"": 75.0}, {""Scene"": ""office1"", ""mIoU"": 0.15593103265246375, ""mAcc"": 0.2577045220318044, ""AP_agnostic"": 0.085, ""Num_Instances"": 40.0}, {""Scene"": ""office2"", ""mIoU"": 0.2320975951409137, ""mAcc"": 0.309132258312311, ""AP_agnostic"": 0.081, ""Num_Instances"": 70.0}, {""Scene"": ""office3"", ""mIoU"": 0.2072432893114936, ""mAcc"": 0.28450278707261895, ""AP_agnostic"": 0.093, ""Num_Instances"": 119.0}, {""Scene"": ""office4"", ""mIoU"": 0.4070910946516776, ""mAcc"": 0.5495038521469722, ""AP_agnostic"": 0.178, ""Num_Instances"": 86.0}, {""Scene"": ""room0"", ""mIoU"": 0.22209623689735672, ""mAcc"": 0.2911801538623982, ""AP_agnostic"": 0.099, ""Num_Instances"": 87.0}, {""Scene"": ""room1"", ""mIoU"": 0.24636659035162667, ""mAcc"": 0.36984813642551223, ""AP_agnostic"": 0.147, ""Num_Instances"": 67.0}, {""Scene"": ""room2"", ""mIoU"": 0.22344180961848775, ""mAcc"": 0.2847505950489667, ""AP_agnostic"": 0.053, ""Num_Instances"": 73.0}]",0.5333333333333334,0.5,0.11333333333333334,0.4,0.9033333333333333,0.05,11.0
aggressive,morris-aggressive-27,20260614_GT_CLIP_morris-aggressive-27_25d27,5fb61fe,2026-06-14T05:19:20.761780,601.648737,"[""cooccurrence"", ""aabb"", ""cos_sim"", ""overlap""]",0.19929838420256235,0.30026310262068967,0.0,0.09,67.0,8,"[{""Scene"": ""office0"", ""mIoU"": 0.1550225794788904, ""mAcc"": 0.23356782007906318, ""AP_agnostic"": 0.004, ""Num_Instances"": 75.0}, {""Scene"": ""office1"", ""mIoU"": 0.15593103265246375, ""mAcc"": 0.2577045220318044, ""AP_agnostic"": 0.085, ""Num_Instances"": 40.0}, {""Scene"": ""office2"", ""mIoU"": 0.2320975951409137, ""mAcc"": 0.309132258312311, ""AP_agnostic"": 0.081, ""Num_Instances"": 70.0}, {""Scene"": ""office3"", ""mIoU"": 0.2072432893114936, ""mAcc"": 0.28450278707261895, ""AP_agnostic"": 0.093, ""Num_Instances"": 119.0}, {""Scene"": ""office4"", ""mIoU"": 0.4070910946516776, ""mAcc"": 0.5495038521469722, ""AP_agnostic"": 0.178, ""Num_Instances"": 86.0}, {""Scene"": ""room0"", ""mIoU"": 0.22209623689735672, ""mAcc"": 0.2911801538623982, ""AP_agnostic"": 0.099, ""Num_Instances"": 87.0}, {""Scene"": ""room1"", ""mIoU"": 0.24636659035162667, ""mAcc"": 0.36984813642551223, ""AP_agnostic"": 0.147, ""Num_Instances"": 67.0}, {""Scene"": ""room2"", ""mIoU"": 0.22344180961848775, ""mAcc"": 0.2847505950489667, ""AP_agnostic"": 0.053, ""Num_Instances"": 73.0}]",1.5,0.5,0.11333333333333334,0.4,0.9033333333333333,0.05,11.0
aggressive,morris-aggressive-28,20260614_GT_CLIP_morris-aggressive-28_96e08,5fb61fe,2026-06-14T05:29:22.419153,530.6069,"[""cooccurrence"", ""aabb"", ""cos_sim"", ""overlap""]",0.1911825140350003,0.27284271993797965,0.0,0.05,57.0,8,"[{""Scene"": ""office0"", ""mIoU"": 0.1294511569178726, ""mAcc"": 0.2035085098461026, ""AP_agnostic"": 0.001, ""Num_Instances"": 74.0}, {""Scene"": ""office1"", ""mIoU"": 0.15901058975338547, ""mAcc"": 0.25443424052649527, ""AP_agnostic"": 0.073, ""Num_Instances"": 35.0}, {""Scene"": ""office2"", ""mIoU"": 0.21432698212751825, ""mAcc"": 0.2888730413445319, ""AP_agnostic"": 0.034, ""Num_Instances"": 57.0}, {""Scene"": ""office3"", ""mIoU"": 0.18208536745519455, ""mAcc"": 0.2576318553442844, ""AP_agnostic"": 0.08, ""Num_Instances"": 104.0}, {""Scene"": ""office4"", ""mIoU"": 0.349872028759929, ""mAcc"": 0.442928700044808, ""AP_agnostic"": 0.062, ""Num_Instances"": 86.0}, {""Scene"": ""room0"", ""mIoU"": 0.2016450242750894, ""mAcc"": 0.26321966009723147, ""AP_agnostic"": 0.059, ""Num_Instances"": 73.0}, {""Scene"": ""room1"", ""mIoU"": 0.22671113152148276, ""mAcc"": 0.3383981594976099, ""AP_agnostic"": 0.08, ""Num_Instances"": 57.0}, {""Scene"": ""room2"", ""mIoU"": 0.17248556346373278, ""mAcc"": 0.22937194581908904, ""AP_agnostic"": 0.014, ""Num_Instances"": 67.0}]",1.5,0.5,0.11333333333333334,0.4,0.75,0.05,11.0
aggressive,morris-aggressive-29,20260614_GT_CLIP_morris-aggressive-29_eb9ca,5fb61fe,2026-06-14T05:38:13.034747,599.800625,"[""cooccurrence"", ""aabb"", ""cos_sim"", ""overlap""]",0.19734135145692025,0.29682138901995886,0.0,0.106,66.0,8,"[{""Scene"": ""office0"", ""mIoU"": 0.1432018674992747, ""mAcc"": 0.21759664782411825, ""AP_agnostic"": 0.004, ""Num_Instances"": 82.0}, {""Scene"": ""office1"", ""mIoU"": 0.15551769018271028, ""mAcc"": 0.25770280748645896, ""AP_agnostic"": 0.085, ""Num_Instances"": 42.0}, {""Scene"": ""office2"", ""mIoU"": 0.23107358467601852, ""mAcc"": 0.30893332875504553, ""AP_agnostic"": 0.149, ""Num_Instances"": 89.0}, {""Scene"": ""office3"", ""mIoU"": 0.20833995430505345, ""mAcc"": 0.284867646510237, ""AP_agnostic"": 0.117, ""Num_Instances"": 141.0}, {""Scene"": ""office4"", ""mIoU"": 0.4068222240259492, ""mAcc"": 0.5498089101647639, ""AP_agnostic"": 0.192, ""Num_Instances"": 96.0}, {""Scene"": ""room0"", ""mIoU"": 0.2093394632961409, ""mAcc"": 0.27178892898898954, ""AP_agnostic"": 0.11, ""Num_Instances"": 89.0}, {""Scene"": ""room1"", ""mIoU"": 0.24793235706129985, ""mAcc"": 0.3712347816971653, ""AP_agnostic"": 0.137, ""Num_Instances"": 66.0}, {""Scene"": ""room2"", ""mIoU"": 0.21996110089761653, ""mAcc"": 0.27957769512754815, ""AP_agnostic"": 0.056, ""Num_Instances"": 76.0}]",1.5,0.5,0.11333333333333334,0.4,0.75,0.35,11.0
aggressive,morris-aggressive-30,20260614_GT_CLIP_morris-aggressive-30_d8680,5fb61fe,2026-06-14T05:48:12.844535,527.402451,"[""cooccurrence"", ""aabb"", ""cos_sim"", ""overlap""]",0.1819874390371585,0.26966246971000596,0.0,0.056,51.0,8,"[{""Scene"": ""office0"", ""mIoU"": 0.12507945758687178, ""mAcc"": 0.16994115875126756, ""AP_agnostic"": 0.001, ""Num_Instances"": 48.0}, {""Scene"": ""office1"", ""mIoU"": 0.15618558164620025, ""mAcc"": 0.25549935979494803, ""AP_agnostic"": 0.093, ""Num_Instances"": 32.0}, {""Scene"": ""office2"", ""mIoU"": 0.20050475035823875, ""mAcc"": 0.2778133012235507, ""AP_agnostic"": 0.047, ""Num_Instances"": 58.0}, {""Scene"": ""office3"", ""mIoU"": 0.19853261830342514, ""mAcc"": 0.2591173699812011, ""AP_agnostic"": 0.076, ""Num_Instances"": 94.0}, {""Scene"": ""office4"", ""mIoU"": 0.32634851510911606, ""mAcc"": 0.4360797504234122, ""AP_agnostic"": 0.059, ""Num_Instances"": 72.0}, {""Scene"": ""room0"", ""mIoU"": 0.19682175158247314, ""mAcc"": 0.24896229846308185, ""AP_agnostic"": 0.076, ""Num_Instances"": 72.0}, {""Scene"": ""room1"", ""mIoU"": 0.2039430931929418, ""mAcc"": 0.2923875416463036, ""AP_agnostic"": 0.078, ""Num_Instances"": 51.0}, {""Scene"": ""room2"", ""mIoU"": 0.18113750212703686, ""mAcc"": 0.25685589947240767, ""AP_agnostic"": 0.023, ""Num_Instances"": 51.0}]",1.5,0.5,0.3,0.4,0.75,0.35,11.0
aggressive,morris-aggressive-31,20260614_GT_CLIP_morris-aggressive-31_4f362,5fb61fe,2026-06-14T05:57:00.256133,365.135261,"[""cooccurrence"", ""aabb"", ""cos_sim"", ""overlap""]",0.2344834251138045,0.34556191083686594,0.0,0.069,72.0,8,"[{""Scene"": ""office0"", ""mIoU"": 0.21173158925333604, ""mAcc"": 0.2900189985418306, ""AP_agnostic"": 0.007, ""Num_Instances"": 88.0}, {""Scene"": ""office1"", ""mIoU"": 0.17790869655765157, ""mAcc"": 0.3164590789322898, ""AP_agnostic"": 0.076, ""Num_Instances"": 48.0}, {""Scene"": ""office2"", ""mIoU"": 0.26062031457722823, ""mAcc"": 0.3393521543078566, ""AP_agnostic"": 0.04, ""Num_Instances"": 82.0}, {""Scene"": ""office3"", ""mIoU"": 0.22937395773281985, ""mAcc"": 0.2921383170182587, ""AP_agnostic"": 0.074, ""Num_Instances"": 118.0}, {""Scene"": ""office4"", ""mIoU"": 0.4473011911176605, ""mAcc"": 0.558171080812175, ""AP_agnostic"": 0.142, ""Num_Instances"": 94.0}, {""Scene"": ""room0"", ""mIoU"": 0.23792365748268818, ""mAcc"": 0.3110124642081007, ""AP_agnostic"": 0.078, ""Num_Instances"": 98.0}, {""Scene"": ""room1"", ""mIoU"": 0.3032479871587913, ""mAcc"": 0.4419737523828504, ""AP_agnostic"": 0.118, ""Num_Instances"": 72.0}, {""Scene"": ""room2"", ""mIoU"": 0.2838725492002486, ""mAcc"": 0.3524414076313983, ""AP_agnostic"": 0.037, ""Num_Instances"": 78.0}]",1.5,0.8133333333333332,0.3,0.4,0.75,0.35,11.0
light,opt-light-0,20260614_GT_CLIP_opt-light-0_0b721,5fb61fe,2026-06-14T06:03:45.992307,328.792124,"[""cooccurrence"", ""aabb"", ""cos_sim"", ""overlap""]",0.269890100845893,0.3987261340425806,0.0,0.191,92.0,8,"[{""Scene"": ""office0"", ""mIoU"": 0.2564434671865717, ""mAcc"": 0.34245859642985277, ""AP_agnostic"": 0.122, ""Num_Instances"": 152.0}, {""Scene"": ""office1"", ""mIoU"": 0.16620340632068137, ""mAcc"": 0.31626647607895636, ""AP_agnostic"": 0.196, ""Num_Instances"": 78.0}, {""Scene"": ""office2"", ""mIoU"": 0.2391206823285974, ""mAcc"": 0.299246632876064, ""AP_agnostic"": 0.177, ""Num_Instances"": 125.0}, {""Scene"": ""office3"", ""mIoU"": 0.25907118377440463, ""mAcc"": 0.3228718793069548, ""AP_agnostic"": 0.183, ""Num_Instances"": 189.0}, {""Scene"": ""office4"", ""mIoU"": 0.4552938148268519, ""mAcc"": 0.5863066502337316, ""AP_agnostic"": 0.199, ""Num_Instances"": 127.0}, {""Scene"": ""room0"", ""mIoU"": 0.33335286904120426, ""mAcc"": 0.40033185742558913, ""AP_agnostic"": 0.208, ""Num_Instances"": 145.0}, {""Scene"": ""room1"", ""mIoU"": 0.4030802391500991, ""mAcc"": 0.553785142345064, ""AP_agnostic"": 0.312, ""Num_Instances"": 92.0}, {""Scene"": ""room2"", ""mIoU"": 0.2637468194831432, ""mAcc"": 0.3515570896726223, ""AP_agnostic"": 0.158, ""Num_Instances"": 117.0}]",,0.9468357240126606,0.22495830370719339,0.559195090518222,0.7858842873017604,0.1201975341512912,7.0
light,opt-light-1,20260614_GT_CLIP_opt-light-1_321d8,5fb61fe,2026-06-14T06:09:14.828669,324.341645,"[""cooccurrence"", ""aabb"", ""cos_sim"", ""overlap""]",0.2700254392080244,0.39875675443862046,0.0,0.196,89.0,8,"[{""Scene"": ""office0"", ""mIoU"": 0.25648224483987503, ""mAcc"": 0.34251308959493604, ""AP_agnostic"": 0.124, ""Num_Instances"": 148.0}, {""Scene"": ""office1"", ""mIoU"": 0.1656391284972511, ""mAcc"": 0.31583053704945885, ""AP_agnostic"": 0.198, ""Num_Instances"": 75.0}, {""Scene"": ""office2"", ""mIoU"": 0.2391188129627202, ""mAcc"": 0.29923302132489193, ""AP_agnostic"": 0.178, ""Num_Instances"": 125.0}, {""Scene"": ""office3"", ""mIoU"": 0.25907079280817025, ""mAcc"": 0.3228714816576323, ""AP_agnostic"": 0.197, ""Num_Instances"": 188.0}, {""Scene"": ""office4"", ""mIoU"": 0.45556741176917986, ""mAcc"": 0.5863831223735333, ""AP_agnostic"": 0.199, ""Num_Instances"": 126.0}, {""Scene"": ""room0"", ""mIoU"": 0.33509909084135775, ""mAcc"": 0.4009440511851654, ""AP_agnostic"": 0.211, ""Num_Instances"": 145.0}, {""Scene"": ""room1"", ""mIoU"": 0.40412290582233035, ""mAcc"": 0.5537968537492949, ""AP_agnostic"": 0.321, ""Num_Instances"": 89.0}, {""Scene"": ""room2"", ""mIoU"": 0.26374907049711754, ""mAcc"": 0.3515597044149879, ""AP_agnostic"": 0.158, ""Num_Instances"": 115.0}]",,0.9071027885142195,0.18831220328809845,0.6248435466776274,0.7547344336880346,0.48645943347289744,2.0
light,opt-light-2,20260614_GT_CLIP_opt-light-2_882ef,5fb61fe,2026-06-14T06:14:39.205387,435.383763,"[""cooccurrence"", ""aabb"", ""cos_sim"", ""overlap""]",0.2599401542118001,0.37876171316246354,0.0,0.226,66.0,8,"[{""Scene"": ""office0"", ""mIoU"": 0.2859310458246779, ""mAcc"": 0.3747386923768756, ""AP_agnostic"": 0.149, ""Num_Instances"": 81.0}, {""Scene"": ""office1"", ""mIoU"": 0.12674031655359497, ""mAcc"": 0.3061772333761565, ""AP_agnostic"": 0.212, ""Num_Instances"": 44.0}, {""Scene"": ""office2"", ""mIoU"": 0.2817767130204055, ""mAcc"": 0.3603923303036564, ""AP_agnostic"": 0.188, ""Num_Instances"": 93.0}, {""Scene"": ""office3"", ""mIoU"": 0.2643347211502054, ""mAcc"": 0.32631859008181774, ""AP_agnostic"": 0.224, ""Num_Instances"": 131.0}, {""Scene"": ""office4"", ""mIoU"": 0.46103519487043976, ""mAcc"": 0.5935266426538282, ""AP_agnostic"": 0.281, ""Num_Instances"": 92.0}, {""Scene"": ""room0"", ""mIoU"": 0.31637957650216275, ""mAcc"": 0.38066673900882136, ""AP_agnostic"": 0.231, ""Num_Instances"": 86.0}, {""Scene"": ""room1"", ""mIoU"": 0.3834250193620237, ""mAcc"": 0.5115904110108488, ""AP_agnostic"": 0.345, ""Num_Instances"": 66.0}, {""Scene"": ""room2"", ""mIoU"": 0.25726079341480595, ""mAcc"": 0.339373347071273, ""AP_agnostic"": 0.217, ""Num_Instances"": 68.0}]",,0.5997993820187898,0.07091099081798817,0.3100427059120603,0.8199757158806936,0.28614039423450705,13.0
light,opt-light-3,20260614_GT_CLIP_opt-light-3_eff45,5fb61fe,2026-06-14T06:21:54.624568,396.784408,"[""cooccurrence"", ""aabb"", ""cos_sim"", ""overlap""]",0.26724005317176447,0.3883719366826257,0.0,0.17,58.0,8,"[{""Scene"": ""office0"", ""mIoU"": 0.29577526503148494, ""mAcc"": 0.38143803985132924, ""AP_agnostic"": 0.173, ""Num_Instances"": 57.0}, {""Scene"": ""office1"", ""mIoU"": 0.13076321342327982, ""mAcc"": 0.2497349236143843, ""AP_agnostic"": 0.173, ""Num_Instances"": 35.0}, {""Scene"": ""office2"", ""mIoU"": 0.251591116531339, ""mAcc"": 0.33905114022520383, ""AP_agnostic"": 0.095, ""Num_Instances"": 66.0}, {""Scene"": ""office3"", ""mIoU"": 0.25553493972207086, ""mAcc"": 0.31741049345020655, ""AP_agnostic"": 0.114, ""Num_Instances"": 97.0}, {""Scene"": ""office4"", ""mIoU"": 0.455145919868316, ""mAcc"": 0.598103885133761, ""AP_agnostic"": 0.288, ""Num_Instances"": 79.0}, {""Scene"": ""room0"", ""mIoU"": 0.33354670939473724, ""mAcc"": 0.39976941025357654, ""AP_agnostic"": 0.209, ""Num_Instances"": 77.0}, {""Scene"": ""room1"", ""mIoU"": 0.361422552294767, ""mAcc"": 0.511686616751478, ""AP_agnostic"": 0.25, ""Num_Instances"": 58.0}, {""Scene"": ""room2"", ""mIoU"": 0.26950959921408957, ""mAcc"": 0.3512900289984465, ""AP_agnostic"": 0.193, ""Num_Instances"": 55.0}]",,0.6368776958930797,0.19131881052226624,0.2836963163912251,0.8171932691631002,0.2148628294821613,8.0
light,opt-light-4,20260614_GT_CLIP_opt-light-4_a4c45,5fb61fe,2026-06-14T06:28:31.444933,317.154354,"[""cooccurrence"", ""aabb"", ""cos_sim"", ""overlap""]",0.2696504710662418,0.3987352455834069,0.0,0.175,81.0,8,"[{""Scene"": ""office0"", ""mIoU"": 0.2698624555170683, ""mAcc"": 0.3572848198857516, ""AP_agnostic"": 0.114, ""Num_Instances"": 131.0}, {""Scene"": ""office1"", ""mIoU"": 0.1659577855363127, ""mAcc"": 0.315810594183618, ""AP_agnostic"": 0.2, ""Num_Instances"": 70.0}, {""Scene"": ""office2"", ""mIoU"": 0.2391044601372707, ""mAcc"": 0.2992830034213519, ""AP_agnostic"": 0.098, ""Num_Instances"": 105.0}, {""Scene"": ""office3"", ""mIoU"": 0.259425390223195, ""mAcc"": 0.32318532589698945, ""AP_agnostic"": 0.112, ""Num_Instances"": 152.0}, {""Scene"": ""office4"", ""mIoU"": 0.45651593726782524, ""mAcc"": 0.5873896356891095, ""AP_agnostic"": 0.232, ""Num_Instances"": 107.0}, {""Scene"": ""room0"", ""mIoU"": 0.3323852490632876, ""mAcc"": 0.39815153023067, ""AP_agnostic"": 0.217, ""Num_Instances"": 124.0}, {""Scene"": ""room1"", ""mIoU"": 0.4041316576376239, ""mAcc"": 0.5537991029925685, ""AP_agnostic"": 0.343, ""Num_Instances"": 81.0}, {""Scene"": ""room2"", ""mIoU"": 0.2669899975340833, ""mAcc"": 0.3511146884911572, ""AP_agnostic"": 0.166, ""Num_Instances"": 105.0}]",,0.8690327018547164,0.07590865900434073,0.508540663048167,0.8862553508382698,0.07090268572399898,8.0
light,opt-light-5,20260614_GT_CLIP_opt-light-5_df508,5fb61fe,2026-06-14T06:33:48.636997,475.354208,"[""cooccurrence"", ""aabb"", ""cos_sim"", ""overlap""]",0.2762928261391497,0.4054331377414317,0.0,0.218,76.0,8,"[{""Scene"": ""office0"", ""mIoU"": 0.27027885979080496, ""mAcc"": 0.35596128880644, ""AP_agnostic"": 0.136, ""Num_Instances"": 120.0}, {""Scene"": ""office1"", ""mIoU"": 0.17319164397386577, ""mAcc"": 0.3285109972554141, ""AP_agnostic"": 0.218, ""Num_Instances"": 66.0}, {""Scene"": ""office2"", ""mIoU"": 0.2948250506434876, ""mAcc"": 0.3640775902074685, ""AP_agnostic"": 0.187, ""Num_Instances"": 112.0}, {""Scene"": ""office3"", ""mIoU"": 0.2836999316826008, ""mAcc"": 0.34692276117417037, ""AP_agnostic"": 0.224, ""Num_Instances"": 164.0}, {""Scene"": ""office4"", ""mIoU"": 0.4612265216277903, ""mAcc"": 0.5937672089591937, ""AP_agnostic"": 0.255, ""Num_Instances"": 109.0}, {""Scene"": ""room0"", ""mIoU"": 0.33885861254144856, ""mAcc"": 0.4035462528117044, ""AP_agnostic"": 0.24, ""Num_Instances"": 125.0}, {""Scene"": ""room1"", ""mIoU"": 0.3982017926385158, ""mAcc"": 0.5296570456140192, ""AP_agnostic"": 0.35, ""Num_Instances"": 76.0}, {""Scene"": ""room2"", ""mIoU"": 0.23745953705879774, ""mAcc"": 0.3211541746576972, ""AP_agnostic"": 0.167, ""Num_Instances"": 98.0}]",,0.580146338133027,0.03821444603587826,0.769331322352,0.9720953676071487,0.4137788066524075,10.0
light,opt-light-6,20260614_GT_CLIP_opt-light-6_8458b,5fb61fe,2026-06-14T06:41:44.026494,392.958667,"[""cooccurrence"", ""aabb"", ""cos_sim"", ""overlap""]",0.2659389972113072,0.39077637601498,0.0,0.192,64.0,8,"[{""Scene"": ""office0"", ""mIoU"": 0.2971699130879631, ""mAcc"": 0.386603586520672, ""AP_agnostic"": 0.189, ""Num_Instances"": 60.0}, {""Scene"": ""office1"", ""mIoU"": 0.1708604947323685, ""mAcc"": 0.35118136216844276, ""AP_agnostic"": 0.195, ""Num_Instances"": 39.0}, {""Scene"": ""office2"", ""mIoU"": 0.2225722546772976, ""mAcc"": 0.286817950953953, ""AP_agnostic"": 0.136, ""Num_Instances"": 72.0}, {""Scene"": ""office3"", ""mIoU"": 0.2564906529875971, ""mAcc"": 0.31797106456151, ""AP_agnostic"": 0.128, ""Num_Instances"": 104.0}, {""Scene"": ""office4"", ""mIoU"": 0.4408750410266627, ""mAcc"": 0.576657682931808, ""AP_agnostic"": 0.255, ""Num_Instances"": 85.0}, {""Scene"": ""room0"", ""mIoU"": 0.3321374845950784, ""mAcc"": 0.3992119797131607, ""AP_agnostic"": 0.229, ""Num_Instances"": 87.0}, {""Scene"": ""room1"", ""mIoU"": 0.3757760313187521, ""mAcc"": 0.5132143257458628, ""AP_agnostic"": 0.34, ""Num_Instances"": 64.0}, {""Scene"": ""room2"", ""mIoU"": 0.27311299604122086, ""mAcc"": 0.3589511555128905, ""AP_agnostic"": 0.187, ""Num_Instances"": 56.0}]",,0.5459058935830005,0.2115852474234039,0.46409149624376084,0.7780687940142992,0.2728296095500716,6.0
light,opt-light-7,20260614_GT_CLIP_opt-light-7_2e197,5fb61fe,2026-06-14T06:48:17.020667,328.770314,"[""cooccurrence"", ""aabb"", ""cos_sim"", ""overlap""]",0.26988954049956915,0.3987256968537272,0.0,0.194,92.0,8,"[{""Scene"": ""office0"", ""mIoU"": 0.2564445545647766, ""mAcc"": 0.3424589842815616, ""AP_agnostic"": 0.124, ""Num_Instances"": 150.0}, {""Scene"": ""office1"", ""mIoU"": 0.16620340632068137, ""mAcc"": 0.31626647607895636, ""AP_agnostic"": 0.196, ""Num_Instances"": 77.0}, {""Scene"": ""office2"", ""mIoU"": 0.2391206823285974, ""mAcc"": 0.299246632876064, ""AP_agnostic"": 0.177, ""Num_Instances"": 128.0}, {""Scene"": ""office3"", ""mIoU"": 0.25907079280817025, ""mAcc"": 0.3228714816576323, ""AP_agnostic"": 0.197, ""Num_Instances"": 194.0}, {""Scene"": ""office4"", ""mIoU"": 0.4552859918797727, ""mAcc"": 0.5863011806997651, ""AP_agnostic"": 0.199, ""Num_Instances"": 129.0}, {""Scene"": ""room0"", ""mIoU"": 0.33335286904120426, ""mAcc"": 0.40033185742558913, ""AP_agnostic"": 0.208, ""Num_Instances"": 147.0}, {""Scene"": ""room1"", ""mIoU"": 0.4030802391500991, ""mAcc"": 0.553785142345064, ""AP_agnostic"": 0.312, ""Num_Instances"": 92.0}, {""Scene"": ""room2"", ""mIoU"": 0.26374456392024315, ""mAcc"": 0.3515548484648802, ""AP_agnostic"": 0.158, ""Num_Instances"": 118.0}]",,0.9273805889770275,0.09245839484800474,0.5975133706123892,0.8216935475005646,0.28403060953001485,2.0
light,opt-light-8,20260614_GT_CLIP_opt-light-8_aa357,5fb61fe,2026-06-14T06:53:45.824267,408.009663,"[""cooccurrence"", ""aabb"", ""cos_sim"", ""overlap""]",0.2623276977052048,0.37924246174149207,0.0,0.205,59.0,8,"[{""Scene"": ""office0"", ""mIoU"": 0.2892375510094961, ""mAcc"": 0.36886233989364936, ""AP_agnostic"": 0.199, ""Num_Instances"": 57.0}, {""Scene"": ""office1"", ""mIoU"": 0.13520195022951717, ""mAcc"": 0.25573066755989615, ""AP_agnostic"": 0.199, ""Num_Instances"": 34.0}, {""Scene"": ""office2"", ""mIoU"": 0.2385796127107004, ""mAcc"": 0.3244706219899949, ""AP_agnostic"": 0.153, ""Num_Instances"": 79.0}, {""Scene"": ""office3"", ""mIoU"": 0.2539794414781628, ""mAcc"": 0.3161261514172042, ""AP_agnostic"": 0.18, ""Num_Instances"": 109.0}, {""Scene"": ""office4"", ""mIoU"": 0.4537231283952502, ""mAcc"": 0.5952818929833132, ""AP_agnostic"": 0.296, ""Num_Instances"": 85.0}, {""Scene"": ""room0"", ""mIoU"": 0.3075987435752186, ""mAcc"": 0.37472989155356146, ""AP_agnostic"": 0.214, ""Num_Instances"": 80.0}, {""Scene"": ""room1"", ""mIoU"": 0.374305619255529, ""mAcc"": 0.5124367453670372, ""AP_agnostic"": 0.299, ""Num_Instances"": 59.0}, {""Scene"": ""room2"", ""mIoU"": 0.27208906683146195, ""mAcc"": 0.3567093547052246, ""AP_agnostic"": 0.209, ""Num_Instances"": 61.0}]",,0.5868815940969977,0.2914836957740764,0.6650796940166688,0.9660847565597634,0.452672307692442,9.0
light,opt-light-9,20260614_GT_CLIP_opt-light-9_4ea1d,5fb61fe,2026-06-14T07:00:33.869707,325.827166,"[""cooccurrence"", ""aabb"", ""cos_sim"", ""overlap""]",0.26988986636836176,0.3987259248208394,0.0,0.194,92.0,8,"[{""Scene"": ""office0"", ""mIoU"": 0.2564445545647766, ""mAcc"": 0.3424589842815616, ""AP_agnostic"": 0.122, ""Num_Instances"": 151.0}, {""Scene"": ""office1"", ""mIoU"": 0.16620340632068137, ""mAcc"": 0.31626647607895636, ""AP_agnostic"": 0.196, ""Num_Instances"": 77.0}, {""Scene"": ""office2"", ""mIoU"": 0.2391206823285974, ""mAcc"": 0.299246632876064, ""AP_agnostic"": 0.177, ""Num_Instances"": 129.0}, {""Scene"": ""office3"", ""mIoU"": 0.2590716705168388, ""mAcc"": 0.32287223348182653, ""AP_agnostic"": 0.197, ""Num_Instances"": 192.0}, {""Scene"": ""office4"", ""mIoU"": 0.45528655888839037, ""mAcc"": 0.5863018248675869, ""AP_agnostic"": 0.199, ""Num_Instances"": 128.0}, {""Scene"": ""room0"", ""mIoU"": 0.33335286904120426, ""mAcc"": 0.40033185742558913, ""AP_agnostic"": 0.208, ""Num_Instances"": 148.0}, {""Scene"": ""room1"", ""mIoU"": 0.4030802391500991, ""mAcc"": 0.553785142345064, ""AP_agnostic"": 0.312, ""Num_Instances"": 92.0}, {""Scene"": ""room2"", ""mIoU"": 0.26374592690738496, ""mAcc"": 0.3515567161379986, ""AP_agnostic"": 0.158, ""Num_Instances"": 118.0}]",,0.9332808904608649,0.044777900574537455,0.3175897174514871,0.7604022764494237,0.19639864884346897,10.0
light,opt-light-10,20260614_GT_CLIP_opt-light-10_b0efa,5fb61fe,2026-06-14T07:05:59.732060,394.940766,"[""cooccurrence"", ""aabb"", ""cos_sim"", ""overlap""]",0.26576346419641556,0.3946891855042655,0.0,0.186,61.0,8,"[{""Scene"": ""office0"", ""mIoU"": 0.29583957366894725, ""mAcc"": 0.38135106096545435, ""AP_agnostic"": 0.195, ""Num_Instances"": 56.0}, {""Scene"": ""office1"", ""mIoU"": 0.17265666708503194, ""mAcc"": 0.37056707213546025, ""AP_agnostic"": 0.232, ""Num_Instances"": 37.0}, {""Scene"": ""office2"", ""mIoU"": 0.23444067185754325, ""mAcc"": 0.3181778796642707, ""AP_agnostic"": 0.1, ""Num_Instances"": 66.0}, {""Scene"": ""office3"", ""mIoU"": 0.2561213816876852, ""mAcc"": 0.3177446004823223, ""AP_agnostic"": 0.123, ""Num_Instances"": 99.0}, {""Scene"": ""office4"", ""mIoU"": 0.4445606933959404, ""mAcc"": 0.5777007961309266, ""AP_agnostic"": 0.269, ""Num_Instances"": 81.0}, {""Scene"": ""room0"", ""mIoU"": 0.33173176547314953, ""mAcc"": 0.39938707096237674, ""AP_agnostic"": 0.231, ""Num_Instances"": 80.0}, {""Scene"": ""room1"", ""mIoU"": 0.3764330028712873, ""mAcc"": 0.5128165557688712, ""AP_agnostic"": 0.286, ""Num_Instances"": 61.0}, {""Scene"": ""room2"", ""mIoU"": 0.2732158302475239, ""mAcc"": 0.35665856657311773, ""AP_agnostic"": 0.203, ""Num_Instances"": 55.0}]",,0.6275340449337311,0.2520465025625402,0.4140519960161536,0.8146149372280975,0.2942132374212118,7.0
light,opt-light-11,20260614_GT_CLIP_opt-light-11_6569f,5fb61fe,2026-06-14T07:12:34.707904,324.921912,"[""cooccurrence"", ""aabb"", ""cos_sim"", ""overlap""]",0.26989341653837196,0.3986982239168391,0.0,0.197,88.0,8,"[{""Scene"": ""office0"", ""mIoU"": 0.2564541459967909, ""mAcc"": 0.3424727530172232, ""AP_agnostic"": 0.111, ""Num_Instances"": 150.0}, {""Scene"": ""office1"", ""mIoU"": 0.16620340632068137, ""mAcc"": 0.31626647607895636, ""AP_agnostic"": 0.196, ""Num_Instances"": 77.0}, {""Scene"": ""office2"", ""mIoU"": 0.2391206823285974, ""mAcc"": 0.299246632876064, ""AP_agnostic"": 0.177, ""Num_Instances"": 128.0}, {""Scene"": ""office3"", ""mIoU"": 0.2590740592629985, ""mAcc"": 0.3228740824404915, ""AP_agnostic"": 0.197, ""Num_Instances"": 192.0}, {""Scene"": ""office4"", ""mIoU"": 0.45544004105758695, ""mAcc"": 0.5867900730652219, ""AP_agnostic"": 0.202, ""Num_Instances"": 127.0}, {""Scene"": ""room0"", ""mIoU"": 0.3328546961831668, ""mAcc"": 0.399965509557215, ""AP_agnostic"": 0.211, ""Num_Instances"": 147.0}, {""Scene"": ""room1"", ""mIoU"": 0.4041214673409426, ""mAcc"": 0.553799512418684, ""AP_agnostic"": 0.337, ""Num_Instances"": 88.0}, {""Scene"": ""room2"", ""mIoU"": 0.2639254858100009, ""mAcc"": 0.35155392969063465, ""AP_agnostic"": 0.16, ""Num_Instances"": 117.0}]",,0.8770325809543986,0.04087418023033583,0.7921321619603106,0.9276162969382312,0.1394220566903776,3.0
light,opt-light-12,20260614_GT_CLIP_opt-light-12_327eb,5fb61fe,2026-06-14T07:17:59.667082,322.878627,"[""cooccurrence"", ""aabb"", ""cos_sim"", ""overlap""]",0.2697174460484323,0.3986796990663025,0.0,0.198,85.0,8,"[{""Scene"": ""office0"", ""mIoU"": 0.2684682953240354, ""mAcc"": 0.357663200077994, ""AP_agnostic"": 0.111, ""Num_Instances"": 135.0}, {""Scene"": ""office1"", ""mIoU"": 0.1665964197421919, ""mAcc"": 0.31583339462503457, ""AP_agnostic"": 0.198, ""Num_Instances"": 72.0}, {""Scene"": ""office2"", ""mIoU"": 0.23924881358342526, ""mAcc"": 0.29935211466141226, ""AP_agnostic"": 0.18, ""Num_Instances"": 117.0}, {""Scene"": ""office3"", ""mIoU"": 0.25908556204292293, ""mAcc"": 0.32287448008981395, ""AP_agnostic"": 0.195, ""Num_Instances"": 180.0}, {""Scene"": ""office4"", ""mIoU"": 0.4550224679260707, ""mAcc"": 0.5859305738718044, ""AP_agnostic"": 0.196, ""Num_Instances"": 121.0}, {""Scene"": ""room0"", ""mIoU"": 0.33239789854831037, ""mAcc"": 0.39816593744847684, ""AP_agnostic"": 0.214, ""Num_Instances"": 138.0}, {""Scene"": ""room1"", ""mIoU"": 0.4041260597765897, ""mAcc"": 0.5537948547810947, ""AP_agnostic"": 0.327, ""Num_Instances"": 85.0}, {""Scene"": ""room2"", ""mIoU"": 0.2669867024816098, ""mAcc"": 0.35111175042187986, ""AP_agnostic"": 0.167, ""Num_Instances"": 106.0}]",,0.883266871373772,0.21792005627733277,0.6374043008245924,0.9273921797377676,0.08332009328034067,2.0
light,opt-light-13,20260614_GT_CLIP_opt-light-13_cc16d,5fb61fe,2026-06-14T07:23:22.581605,389.536612,"[""cooccurrence"", ""aabb"", ""cos_sim"", ""overlap""]",0.2662984539979288,0.39283969030512045,0.0,0.175,60.0,8,"[{""Scene"": ""office0"", ""mIoU"": 0.29725153750713174, ""mAcc"": 0.38175090653353283, ""AP_agnostic"": 0.2, ""Num_Instances"": 53.0}, {""Scene"": ""office1"", ""mIoU"": 0.1707582647707125, ""mAcc"": 0.3212731092510948, ""AP_agnostic"": 0.212, ""Num_Instances"": 35.0}, {""Scene"": ""office2"", ""mIoU"": 0.23868579193574294, ""mAcc"": 0.3244618469394363, ""AP_agnostic"": 0.062, ""Num_Instances"": 64.0}, {""Scene"": ""office3"", ""mIoU"": 0.2564723800567164, ""mAcc"": 0.31782469844298156, ""AP_agnostic"": 0.138, ""Num_Instances"": 94.0}, {""Scene"": ""office4"", ""mIoU"": 0.43072557214203755, ""mAcc"": 0.575323326338393, ""AP_agnostic"": 0.228, ""Num_Instances"": 74.0}, {""Scene"": ""room0"", ""mIoU"": 0.3305268651206255, ""mAcc"": 0.3983322429217668, ""AP_agnostic"": 0.212, ""Num_Instances"": 78.0}, {""Scene"": ""room1"", ""mIoU"": 0.37601377832848565, ""mAcc"": 0.5127028297426773, ""AP_agnostic"": 0.286, ""Num_Instances"": 60.0}, {""Scene"": ""room2"", ""mIoU"": 0.2821555289593608, ""mAcc"": 0.3641201734468961, ""AP_agnostic"": 0.192, ""Num_Instances"": 53.0}]",,0.5544584579768109,0.26166895924516614,0.5739788760965348,0.8261065457161093,0.07860125762871065,7.0
light,opt-light-14,20260614_GT_CLIP_opt-light-14_a060d,5fb61fe,2026-06-14T07:29:52.155185,393.819041,"[""cooccurrence"", ""aabb"", ""cos_sim"", ""overlap""]",0.2591964059130245,0.3733894585568999,0.0,0.217,64.0,8,"[{""Scene"": ""office0"", ""mIoU"": 0.2929247331006351, ""mAcc"": 0.3843331221355595, ""AP_agnostic"": 0.192, ""Num_Instances"": 68.0}, {""Scene"": ""office1"", ""mIoU"": 0.14041392643251802, ""mAcc"": 0.318351207902346, ""AP_agnostic"": 0.214, ""Num_Instances"": 42.0}, {""Scene"": ""office2"", ""mIoU"": 0.22114991736589715, ""mAcc"": 0.28585531285225324, ""AP_agnostic"": 0.157, ""Num_Instances"": 82.0}, {""Scene"": ""office3"", ""mIoU"": 0.261452696681395, ""mAcc"": 0.3200620578937747, ""AP_agnostic"": 0.193, ""Num_Instances"": 115.0}, {""Scene"": ""office4"", ""mIoU"": 0.4436683328781731, ""mAcc"": 0.5755612586507644, ""AP_agnostic"": 0.248, ""Num_Instances"": 92.0}, {""Scene"": ""room0"", ""mIoU"": 0.3362779641264962, ""mAcc"": 0.4023834124867057, ""AP_agnostic"": 0.243, ""Num_Instances"": 94.0}, {""Scene"": ""room1"", ""mIoU"": 0.3618133000929448, ""mAcc"": 0.5123435629120664, ""AP_agnostic"": 0.342, ""Num_Instances"": 64.0}, {""Scene"": ""room2"", ""mIoU"": 0.2842050243008879, ""mAcc"": 0.36695191196572513, ""AP_agnostic"": 0.224, ""Num_Instances"": 64.0}]",,0.652836161352571,0.2242897299346579,0.5825344828131279,0.9540589307925551,0.2624967163228772,6.0
light,opt-light-15,20260614_GT_CLIP_opt-light-15_f4f95,5fb61fe,2026-06-14T07:36:26.009631,317.050298,"[""cooccurrence"", ""aabb"", ""cos_sim"", ""overlap""]",0.2743035694640406,0.4020094764768671,0.0,0.206,76.0,8,"[{""Scene"": ""office0"", ""mIoU"": 0.2790632629162392, ""mAcc"": 0.37465913530785155, ""AP_agnostic"": 0.109, ""Num_Instances"": 106.0}, {""Scene"": ""office1"", ""mIoU"": 0.1706319839315676, ""mAcc"": 0.3153403267926014, ""AP_agnostic"": 0.199, ""Num_Instances"": 63.0}, {""Scene"": ""office2"", ""mIoU"": 0.23987419573231655, ""mAcc"": 0.30230766390030567, ""AP_agnostic"": 0.181, ""Num_Instances"": 105.0}, {""Scene"": ""office3"", ""mIoU"": 0.25884892182543606, ""mAcc"": 0.3227459022446217, ""AP_agnostic"": 0.191, ""Num_Instances"": 161.0}, {""Scene"": ""office4"", ""mIoU"": 0.4586758326292489, ""mAcc"": 0.5898810745061173, ""AP_agnostic"": 0.229, ""Num_Instances"": 104.0}, {""Scene"": ""room0"", ""mIoU"": 0.3376986944410565, ""mAcc"": 0.40314728868081484, ""AP_agnostic"": 0.224, ""Num_Instances"": 124.0}, {""Scene"": ""room1"", ""mIoU"": 0.403893871843318, ""mAcc"": 0.5528776767994681, ""AP_agnostic"": 0.334, ""Num_Instances"": 76.0}, {""Scene"": ""room2"", ""mIoU"": 0.28266651855307956, ""mAcc"": 0.3715045143655442, ""AP_agnostic"": 0.178, ""Num_Instances"": 94.0}]",,0.8352250499948076,0.23301981361273125,0.5367663185416978,0.927322451389549,0.27220801836397585,3.0
light,opt-light-16,20260614_GT_CLIP_opt-light-16_633df,5fb61fe,2026-06-14T07:41:43.095446,426.203722,"[""cooccurrence"", ""aabb"", ""cos_sim"", ""overlap""]",0.272656278412341,0.4006424144480336,0.0,0.225,78.0,8,"[{""Scene"": ""office0"", ""mIoU"": 0.2841597155699798, ""mAcc"": 0.37259238040037024, ""AP_agnostic"": 0.149, ""Num_Instances"": 100.0}, {""Scene"": ""office1"", ""mIoU"": 0.14873416441422288, ""mAcc"": 0.3022125746104036, ""AP_agnostic"": 0.22, ""Num_Instances"": 57.0}, {""Scene"": ""office2"", ""mIoU"": 0.2647929667580733, ""mAcc"": 0.33100960563592136, ""AP_agnostic"": 0.2, ""Num_Instances"": 104.0}, {""Scene"": ""office3"", ""mIoU"": 0.26255771293378993, ""mAcc"": 0.32510955605413383, ""AP_agnostic"": 0.216, ""Num_Instances"": 146.0}, {""Scene"": ""office4"", ""mIoU"": 0.4612744337979287, ""mAcc"": 0.5936948360019767, ""AP_agnostic"": 0.26, ""Num_Instances"": 101.0}, {""Scene"": ""room0"", ""mIoU"": 0.3405887946209765, ""mAcc"": 0.4040486403377646, ""AP_agnostic"": 0.244, ""Num_Instances"": 115.0}, {""Scene"": ""room1"", ""mIoU"": 0.4025852913720584, ""mAcc"": 0.5352739181296947, ""AP_agnostic"": 0.364, ""Num_Instances"": 78.0}, {""Scene"": ""room2"", ""mIoU"": 0.2647532230413256, ""mAcc"": 0.3527094817937296, ""AP_agnostic"": 0.183, ""Num_Instances"": 81.0}]",,0.7009442786285183,0.02711735548834665,0.2647348561959827,0.7572287127079489,0.3363846850687012,9.0
light,opt-light-17,20260614_GT_CLIP_opt-light-17_dd279,5fb61fe,2026-06-14T07:48:49.335437,361.826633,"[""cooccurrence"", ""aabb"", ""cos_sim"", ""overlap""]",0.26366107725313787,0.39149226278544796,0.0,0.186,64.0,8,"[{""Scene"": ""office0"", ""mIoU"": 0.3012221495991219, ""mAcc"": 0.38709625871258296, ""AP_agnostic"": 0.252, ""Num_Instances"": 61.0}, {""Scene"": ""office1"", ""mIoU"": 0.16481988871864336, ""mAcc"": 0.3493943859104698, ""AP_agnostic"": 0.186, ""Num_Instances"": 39.0}, {""Scene"": ""office2"", ""mIoU"": 0.2121436365499549, ""mAcc"": 0.2731709024313395, ""AP_agnostic"": 0.125, ""Num_Instances"": 71.0}, {""Scene"": ""office3"", ""mIoU"": 0.25649255684955946, ""mAcc"": 0.3213746981003869, ""AP_agnostic"": 0.123, ""Num_Instances"": 101.0}, {""Scene"": ""office4"", ""mIoU"": 0.44495258032748375, ""mAcc"": 0.5778889711882395, ""AP_agnostic"": 0.271, ""Num_Instances"": 86.0}, {""Scene"": ""room0"", ""mIoU"": 0.33056518035817534, ""mAcc"": 0.39731308881318045, ""AP_agnostic"": 0.233, ""Num_Instances"": 87.0}, {""Scene"": ""room1"", ""mIoU"": 0.36460328796729247, ""mAcc"": 0.5039221492527828, ""AP_agnostic"": 0.317, ""Num_Instances"": 64.0}, {""Scene"": ""room2"", ""mIoU"": 0.269718540173551, ""mAcc"": 0.35400257043513206, ""AP_agnostic"": 0.156, ""Num_Instances"": 55.0}]",,0.7390282248474103,0.27411861269930604,0.349575337489325,0.8443880722981948,0.3899980123443719,6.0
light,opt-light-18,20260614_GT_CLIP_opt-light-18_94f07,5fb61fe,2026-06-14T07:54:51.201458,322.975435,"[""cooccurrence"", ""aabb"", ""cos_sim"", ""overlap""]",0.269905371543886,0.3987371816658421,0.0,0.189,92.0,8,"[{""Scene"": ""office0"", ""mIoU"": 0.25796406042719605, ""mAcc"": 0.3438233300799638, ""AP_agnostic"": 0.122, ""Num_Instances"": 147.0}, {""Scene"": ""office1"", ""mIoU"": 0.16620340632068137, ""mAcc"": 0.31626647607895636, ""AP_agnostic"": 0.196, ""Num_Instances"": 77.0}, {""Scene"": ""office2"", ""mIoU"": 0.23910435527792967, ""mAcc"": 0.29929487488075157, ""AP_agnostic"": 0.156, ""Num_Instances"": 117.0}, {""Scene"": ""office3"", ""mIoU"": 0.2590723337650361, ""mAcc"": 0.3228727647441341, ""AP_agnostic"": 0.183, ""Num_Instances"": 183.0}, {""Scene"": ""office4"", ""mIoU"": 0.4552859918797727, ""mAcc"": 0.5863011806997651, ""AP_agnostic"": 0.199, ""Num_Instances"": 126.0}, {""Scene"": ""room0"", ""mIoU"": 0.3333525950807901, ""mAcc"": 0.4003317115951724, ""AP_agnostic"": 0.208, ""Num_Instances"": 143.0}, {""Scene"": ""room1"", ""mIoU"": 0.4030802391500991, ""mAcc"": 0.553785142345064, ""AP_agnostic"": 0.312, ""Num_Instances"": 92.0}, {""Scene"": ""room2"", ""mIoU"": 0.26373508261451256, ""mAcc"": 0.35155157702714873, ""AP_agnostic"": 0.158, ""Num_Instances"": 115.0}]",,0.9332808904608649,0.2914836957740764,0.24618794589727583,0.7604022764494237,0.19639864884346897,5.0
light,opt-light-19,20260614_GT_CLIP_opt-light-19_f6d08,5fb61fe,2026-06-14T08:00:14.214626,432.599964,"[""cooccurrence"", ""aabb"", ""cos_sim"", ""overlap""]",0.2745189761589006,0.4017605452933672,0.0,0.223,78.0,8,"[{""Scene"": ""office0"", ""mIoU"": 0.2703810998774607, ""mAcc"": 0.35609823496351906, ""AP_agnostic"": 0.133, ""Num_Instances"": 111.0}, {""Scene"": ""office1"", ""mIoU"": 0.1489768381308142, ""mAcc"": 0.30245360011954114, ""AP_agnostic"": 0.218, ""Num_Instances"": 60.0}, {""Scene"": ""office2"", ""mIoU"": 0.2668075268425115, ""mAcc"": 0.3334557944074068, ""AP_agnostic"": 0.196, ""Num_Instances"": 105.0}, {""Scene"": ""office3"", ""mIoU"": 0.28348156174663036, ""mAcc"": 0.34685056003416015, ""AP_agnostic"": 0.227, ""Num_Instances"": 152.0}, {""Scene"": ""office4"", ""mIoU"": 0.46140465402290937, ""mAcc"": 0.5938332398973085, ""AP_agnostic"": 0.26, ""Num_Instances"": 103.0}, {""Scene"": ""room0"", ""mIoU"": 0.3383047970408974, ""mAcc"": 0.40338410044816525, ""AP_agnostic"": 0.24, ""Num_Instances"": 121.0}, {""Scene"": ""room1"", ""mIoU"": 0.4025852913720584, ""mAcc"": 0.5352739181296947, ""AP_agnostic"": 0.364, ""Num_Instances"": 78.0}, {""Scene"": ""room2"", ""mIoU"": 0.2638291334972614, ""mAcc"": 0.3501845877015441, ""AP_agnostic"": 0.172, ""Num_Instances"": 89.0}]",,0.7009442786285183,0.02711735548834665,0.3738508717482608,0.927322451389549,0.27220801836397585,9.0
light,opt-light-20,20260614_GT_CLIP_opt-light-20_31948,5fb61fe,2026-06-14T08:07:26.853636,391.574382,"[""cooccurrence"", ""aabb"", ""cos_sim"", ""overlap""]",0.25912824685535435,0.37344486291091983,0.0,0.213,64.0,8,"[{""Scene"": ""office0"", ""mIoU"": 0.2929247331006351, ""mAcc"": 0.3843331221355595, ""AP_agnostic"": 0.192, ""Num_Instances"": 68.0}, {""Scene"": ""office1"", ""mIoU"": 0.14041392643251802, ""mAcc"": 0.318351207902346, ""AP_agnostic"": 0.214, ""Num_Instances"": 42.0}, {""Scene"": ""office2"", ""mIoU"": 0.22372571649089332, ""mAcc"": 0.28917983653451196, ""AP_agnostic"": 0.151, ""Num_Instances"": 76.0}, {""Scene"": ""office3"", ""mIoU"": 0.2614535681314606, ""mAcc"": 0.3200627662435181, ""AP_agnostic"": 0.177, ""Num_Instances"": 109.0}, {""Scene"": ""office4"", ""mIoU"": 0.443667292507568, ""mAcc"": 0.5755605293795688, ""AP_agnostic"": 0.248, ""Num_Instances"": 89.0}, {""Scene"": ""room0"", ""mIoU"": 0.3362776870478638, ""mAcc"": 0.40238326665628904, ""AP_agnostic"": 0.243, ""Num_Instances"": 92.0}, {""Scene"": ""room1"", ""mIoU"": 0.3618133000929448, ""mAcc"": 0.5123435629120664, ""AP_agnostic"": 0.342, ""Num_Instances"": 64.0}, {""Scene"": ""room2"", ""mIoU"": 0.2842050243008879, ""mAcc"": 0.36695191196572513, ""AP_agnostic"": 0.225, ""Num_Instances"": 63.0}]",,0.652836161352571,0.2242897299346579,0.5825344828131279,0.9276162969382312,0.1394220566903776,6.0
light,opt-light-21,20260614_GT_CLIP_opt-light-21_d8595,5fb61fe,2026-06-14T08:13:58.465791,325.182037,"[""cooccurrence"", ""aabb"", ""cos_sim"", ""overlap""]",0.26988948541150365,0.3987256778335689,0.0,0.194,92.0,8,"[{""Scene"": ""office0"", ""mIoU"": 0.2564445545647766, ""mAcc"": 0.3424589842815616, ""AP_agnostic"": 0.122, ""Num_Instances"": 151.0}, {""Scene"": ""office1"", ""mIoU"": 0.16620340632068137, ""mAcc"": 0.31626647607895636, ""AP_agnostic"": 0.196, ""Num_Instances"": 77.0}, {""Scene"": ""office2"", ""mIoU"": 0.2391206823285974, ""mAcc"": 0.299246632876064, ""AP_agnostic"": 0.177, ""Num_Instances"": 128.0}, {""Scene"": ""office3"", ""mIoU"": 0.25907079280817025, ""mAcc"": 0.3228714816576323, ""AP_agnostic"": 0.197, ""Num_Instances"": 195.0}, {""Scene"": ""office4"", ""mIoU"": 0.4552859918797727, ""mAcc"": 0.5863011806997651, ""AP_agnostic"": 0.199, ""Num_Instances"": 129.0}, {""Scene"": ""room0"", ""mIoU"": 0.33335286904120426, ""mAcc"": 0.40033185742558913, ""AP_agnostic"": 0.208, ""Num_Instances"": 148.0}, {""Scene"": ""room1"", ""mIoU"": 0.4030802391500991, ""mAcc"": 0.553785142345064, ""AP_agnostic"": 0.312, ""Num_Instances"": 92.0}, {""Scene"": ""room2"", ""mIoU"": 0.2637436713444849, ""mAcc"": 0.35155447493025654, ""AP_agnostic"": 0.158, ""Num_Instances"": 119.0}]",,0.9273805889770275,0.06514196043112123,0.5975133706123892,0.8216935475005646,0.28403060953001485,2.0
light,opt-light-22,20260614_GT_CLIP_opt-light-22_2f2e3,5fb61fe,2026-06-14T08:19:23.684047,324.130115,"[""cooccurrence"", ""aabb"", ""cos_sim"", ""overlap""]",0.2698869094338568,0.3987296740772587,0.0,0.192,92.0,8,"[{""Scene"": ""office0"", ""mIoU"": 0.2564434671865717, ""mAcc"": 0.34245859642985277, ""AP_agnostic"": 0.124, ""Num_Instances"": 151.0}, {""Scene"": ""office1"", ""mIoU"": 0.16620340632068137, ""mAcc"": 0.31626647607895636, ""AP_agnostic"": 0.196, ""Num_Instances"": 77.0}, {""Scene"": ""office2"", ""mIoU"": 0.23910303924979073, ""mAcc"": 0.29929371481956996, ""AP_agnostic"": 0.163, ""Num_Instances"": 125.0}, {""Scene"": ""office3"", ""mIoU"": 0.2590734391855998, ""mAcc"": 0.32287365018131337, ""AP_agnostic"": 0.197, ""Num_Instances"": 190.0}, {""Scene"": ""office4"", ""mIoU"": 0.4552938148268519, ""mAcc"": 0.5863066502337316, ""AP_agnostic"": 0.199, ""Num_Instances"": 129.0}, {""Scene"": ""room0"", ""mIoU"": 0.33335286904120426, ""mAcc"": 0.40033185742558913, ""AP_agnostic"": 0.208, ""Num_Instances"": 146.0}, {""Scene"": ""room1"", ""mIoU"": 0.4030802391500991, ""mAcc"": 0.553785142345064, ""AP_agnostic"": 0.312, ""Num_Instances"": 92.0}, {""Scene"": ""room2"", ""mIoU"": 0.2637468194831432, ""mAcc"": 0.3515570896726223, ""AP_agnostic"": 0.158, ""Num_Instances"": 117.0}]",,0.9369578966010093,0.2462737062780367,0.6650796940166688,0.9660847565597634,0.452672307692442,7.0
light,opt-light-23,20260614_GT_CLIP_opt-light-23_8c28f,5fb61fe,2026-06-14T08:24:47.852670,406.92674,"[""cooccurrence"", ""aabb"", ""cos_sim"", ""overlap""]",0.24968980361605528,0.36611983820342314,0.0,0.188,59.0,8,"[{""Scene"": ""office0"", ""mIoU"": 0.25549368322435206, ""mAcc"": 0.3306816064602008, ""AP_agnostic"": 0.162, ""Num_Instances"": 55.0}, {""Scene"": ""office1"", ""mIoU"": 0.13405631434603255, ""mAcc"": 0.25529590427483617, ""AP_agnostic"": 0.204, ""Num_Instances"": 31.0}, {""Scene"": ""office2"", ""mIoU"": 0.2534236923416332, ""mAcc"": 0.32281757684354795, ""AP_agnostic"": 0.09, ""Num_Instances"": 64.0}, {""Scene"": ""office3"", ""mIoU"": 0.23071479594960626, ""mAcc"": 0.291946275392202, ""AP_agnostic"": 0.137, ""Num_Instances"": 82.0}, {""Scene"": ""office4"", ""mIoU"": 0.45551166505280727, ""mAcc"": 0.5913374554697589, ""AP_agnostic"": 0.291, ""Num_Instances"": 73.0}, {""Scene"": ""room0"", ""mIoU"": 0.30638386230040004, ""mAcc"": 0.3742638574640486, ""AP_agnostic"": 0.215, ""Num_Instances"": 70.0}, {""Scene"": ""room1"", ""mIoU"": 0.35441508434628344, ""mAcc"": 0.4921915794096583, ""AP_agnostic"": 0.306, ""Num_Instances"": 59.0}, {""Scene"": ""room2"", ""mIoU"": 0.24579334029767336, ""mAcc"": 0.3273179444821667, ""AP_agnostic"": 0.212, ""Num_Instances"": 58.0}]",,0.5868815940969977,0.2914836957740764,0.6650796940166688,0.8956828639973974,0.442157265584473,13.0
light,opt-light-24,20260614_GT_CLIP_opt-light-24_b0baa,5fb61fe,2026-06-14T08:31:34.817719,447.429778,"[""cooccurrence"", ""aabb"", ""cos_sim"", ""overlap""]",0.2742710962839171,0.40416003072460766,0.0,0.226,78.0,8,"[{""Scene"": ""office0"", ""mIoU"": 0.2841597155699798, ""mAcc"": 0.37259238040037024, ""AP_agnostic"": 0.149, ""Num_Instances"": 100.0}, {""Scene"": ""office1"", ""mIoU"": 0.14873136027154607, ""mAcc"": 0.302205615345302, ""AP_agnostic"": 0.22, ""Num_Instances"": 56.0}, {""Scene"": ""office2"", ""mIoU"": 0.2983837302561155, ""mAcc"": 0.36852677804095796, ""AP_agnostic"": 0.2, ""Num_Instances"": 101.0}, {""Scene"": ""office3"", ""mIoU"": 0.262790982272121, ""mAcc"": 0.3252959687689771, ""AP_agnostic"": 0.222, ""Num_Instances"": 140.0}, {""Scene"": ""office4"", ""mIoU"": 0.46127679291106133, ""mAcc"": 0.5936965662814053, ""AP_agnostic"": 0.263, ""Num_Instances"": 100.0}, {""Scene"": ""room0"", ""mIoU"": 0.34054631034262717, ""mAcc"": 0.4040134282219482, ""AP_agnostic"": 0.241, ""Num_Instances"": 113.0}, {""Scene"": ""room1"", ""mIoU"": 0.4025852913720584, ""mAcc"": 0.5352739181296947, ""AP_agnostic"": 0.364, ""Num_Instances"": 78.0}, {""Scene"": ""room2"", ""mIoU"": 0.26494128117039295, ""mAcc"": 0.3527066950239747, ""AP_agnostic"": 0.18, ""Num_Instances"": 83.0}]",,0.7009442786285183,0.02711735548834665,0.2647348561959827,0.8862553508382698,0.3363846850687012,13.0
light,opt-light-25,20260614_GT_CLIP_opt-light-25_beb15,5fb61fe,2026-06-14T08:39:02.284378,395.907674,"[""cooccurrence"", ""aabb"", ""cos_sim"", ""overlap""]",0.2696047724072072,0.3916099879279782,0.0,0.197,64.0,8,"[{""Scene"": ""office0"", ""mIoU"": 0.30379628914522633, ""mAcc"": 0.39674227384586774, ""AP_agnostic"": 0.2, ""Num_Instances"": 59.0}, {""Scene"": ""office1"", ""mIoU"": 0.16890552482972362, ""mAcc"": 0.31333531725760416, ""AP_agnostic"": 0.232, ""Num_Instances"": 39.0}, {""Scene"": ""office2"", ""mIoU"": 0.22349178586767748, ""mAcc"": 0.28765561650598787, ""AP_agnostic"": 0.136, ""Num_Instances"": 71.0}, {""Scene"": ""office3"", ""mIoU"": 0.25690029095989037, ""mAcc"": 0.32139345643099076, ""AP_agnostic"": 0.126, ""Num_Instances"": 105.0}, {""Scene"": ""office4"", ""mIoU"": 0.4446320347247962, ""mAcc"": 0.576843840494119, ""AP_agnostic"": 0.267, ""Num_Instances"": 86.0}, {""Scene"": ""room0"", ""mIoU"": 0.3321374845950784, ""mAcc"": 0.3992119797131607, ""AP_agnostic"": 0.229, ""Num_Instances"": 87.0}, {""Scene"": ""room1"", ""mIoU"": 0.3737112903957603, ""mAcc"": 0.5123437672535881, ""AP_agnostic"": 0.34, ""Num_Instances"": 64.0}, {""Scene"": ""room2"", ""mIoU"": 0.27742973116140884, ""mAcc"": 0.3608127221521819, ""AP_agnostic"": 0.194, ""Num_Instances"": 56.0}]",,0.5459058935830005,0.22495830370719339,0.559195090518222,0.7929111135437883,0.2728296095500716,6.0
light,opt-light-26,20260614_GT_CLIP_opt-light-26_29708,5fb61fe,2026-06-14T08:45:38.229689,325.583246,"[""cooccurrence"", ""aabb"", ""cos_sim"", ""overlap""]",0.26990954835093806,0.3986972866445642,0.0,0.18,91.0,8,"[{""Scene"": ""office0"", ""mIoU"": 0.2564445545647766, ""mAcc"": 0.3424589842815616, ""AP_agnostic"": 0.123, ""Num_Instances"": 147.0}, {""Scene"": ""office1"", ""mIoU"": 0.16620340632068137, ""mAcc"": 0.31626647607895636, ""AP_agnostic"": 0.196, ""Num_Instances"": 77.0}, {""Scene"": ""office2"", ""mIoU"": 0.23910402627000943, ""mAcc"": 0.2992945848654562, ""AP_agnostic"": 0.138, ""Num_Instances"": 112.0}, {""Scene"": ""office3"", ""mIoU"": 0.2590819239209761, ""mAcc"": 0.3226061858934464, ""AP_agnostic"": 0.15, ""Num_Instances"": 174.0}, {""Scene"": ""office4"", ""mIoU"": 0.4556757840233614, ""mAcc"": 0.5864969216341696, ""AP_agnostic"": 0.199, ""Num_Instances"": 122.0}, {""Scene"": ""room0"", ""mIoU"": 0.33335232112187635, ""mAcc"": 0.40033156576475565, ""AP_agnostic"": 0.208, ""Num_Instances"": 137.0}, {""Scene"": ""room1"", ""mIoU"": 0.4030802391500991, ""mAcc"": 0.553785142345064, ""AP_agnostic"": 0.312, ""Num_Instances"": 91.0}, {""Scene"": ""room2"", ""mIoU"": 0.26374420515493785, ""mAcc"": 0.35155560557566995, ""AP_agnostic"": 0.158, ""Num_Instances"": 114.0}]",,0.9195027292902895,0.1710158277363822,0.2647348561959827,0.7572287127079489,0.3363846850687012,9.0
light,opt-light-27,20260614_GT_CLIP_opt-light-27_acced,5fb61fe,2026-06-14T08:51:03.851012,417.184043,"[""cooccurrence"", ""aabb"", ""cos_sim"", ""overlap""]",0.27514056497524214,0.40304358816250313,0.0,0.216,78.0,8,"[{""Scene"": ""office0"", ""mIoU"": 0.2736495477181476, ""mAcc"": 0.359348751127903, ""AP_agnostic"": 0.15, ""Num_Instances"": 120.0}, {""Scene"": ""office1"", ""mIoU"": 0.17306950584149694, ""mAcc"": 0.32836369281076344, ""AP_agnostic"": 0.218, ""Num_Instances"": 67.0}, {""Scene"": ""office2"", ""mIoU"": 0.2643018466471511, ""mAcc"": 0.3294536934244369, ""AP_agnostic"": 0.19, ""Num_Instances"": 114.0}, {""Scene"": ""office3"", ""mIoU"": 0.2840778296182403, ""mAcc"": 0.347217919367292, ""AP_agnostic"": 0.221, ""Num_Instances"": 166.0}, {""Scene"": ""office4"", ""mIoU"": 0.4604376599857547, ""mAcc"": 0.5910196344385448, ""AP_agnostic"": 0.227, ""Num_Instances"": 111.0}, {""Scene"": ""room0"", ""mIoU"": 0.3352658915693516, ""mAcc"": 0.4011823544939203, ""AP_agnostic"": 0.232, ""Num_Instances"": 128.0}, {""Scene"": ""room1"", ""mIoU"": 0.39820268132985964, ""mAcc"": 0.5296570456140192, ""AP_agnostic"": 0.36, ""Num_Instances"": 78.0}, {""Scene"": ""room2"", ""mIoU"": 0.2637804178503335, ""mAcc"": 0.35014099153047845, ""AP_agnostic"": 0.172, ""Num_Instances"": 95.0}]",,0.580146338133027,0.03821444603587826,0.6844640930984376,0.9276162969382312,0.1394220566903776,3.0
light,opt-light-28,20260614_GT_CLIP_opt-light-28_acfda,5fb61fe,2026-06-14T08:58:01.074529,325.251354,"[""cooccurrence"", ""aabb"", ""cos_sim"", ""overlap""]",0.2698897515840134,0.3987258487402062,0.0,0.191,92.0,8,"[{""Scene"": ""office0"", ""mIoU"": 0.2564434671865717, ""mAcc"": 0.34245859642985277, ""AP_agnostic"": 0.122, ""Num_Instances"": 152.0}, {""Scene"": ""office1"", ""mIoU"": 0.16620340632068137, ""mAcc"": 0.31626647607895636, ""AP_agnostic"": 0.196, ""Num_Instances"": 78.0}, {""Scene"": ""office2"", ""mIoU"": 0.2391206823285974, ""mAcc"": 0.299246632876064, ""AP_agnostic"": 0.177, ""Num_Instances"": 125.0}, {""Scene"": ""office3"", ""mIoU"": 0.25907118377440463, ""mAcc"": 0.3228718793069548, ""AP_agnostic"": 0.183, ""Num_Instances"": 190.0}, {""Scene"": ""office4"", ""mIoU"": 0.4552859918797727, ""mAcc"": 0.5863011806997651, ""AP_agnostic"": 0.199, ""Num_Instances"": 128.0}, {""Scene"": ""room0"", ""mIoU"": 0.33335286904120426, ""mAcc"": 0.40033185742558913, ""AP_agnostic"": 0.208, ""Num_Instances"": 145.0}, {""Scene"": ""room1"", ""mIoU"": 0.4030802391500991, ""mAcc"": 0.553785142345064, ""AP_agnostic"": 0.312, ""Num_Instances"": 92.0}, {""Scene"": ""room2"", ""mIoU"": 0.2637468194831432, ""mAcc"": 0.3515570896726223, ""AP_agnostic"": 0.158, ""Num_Instances"": 117.0}]",,0.9468357240126606,0.2115852474234039,0.559195090518222,0.7858842873017604,0.1201975341512912,6.0
light,opt-light-29,20260614_GT_CLIP_opt-light-29_69037,5fb61fe,2026-06-14T09:03:26.363992,327.889917,"[""cooccurrence"", ""aabb"", ""cos_sim"", ""overlap""]",0.2698924336646708,0.39869798516981375,0.0,0.197,88.0,8,"[{""Scene"": ""office0"", ""mIoU"": 0.2564164632835377, ""mAcc"": 0.34246771094500905, ""AP_agnostic"": 0.111, ""Num_Instances"": 148.0}, {""Scene"": ""office1"", ""mIoU"": 0.16620340632068137, ""mAcc"": 0.31626647607895636, ""AP_agnostic"": 0.196, ""Num_Instances"": 77.0}, {""Scene"": ""office2"", ""mIoU"": 0.2391206823285974, ""mAcc"": 0.299246632876064, ""AP_agnostic"": 0.177, ""Num_Instances"": 129.0}, {""Scene"": ""office3"", ""mIoU"": 0.2590740592629985, ""mAcc"": 0.3228740824404915, ""AP_agnostic"": 0.197, ""Num_Instances"": 192.0}, {""Scene"": ""office4"", ""mIoU"": 0.45544060806620457, ""mAcc"": 0.5867907172330438, ""AP_agnostic"": 0.202, ""Num_Instances"": 127.0}, {""Scene"": ""room0"", ""mIoU"": 0.3328546961831668, ""mAcc"": 0.399965509557215, ""AP_agnostic"": 0.211, ""Num_Instances"": 147.0}, {""Scene"": ""room1"", ""mIoU"": 0.4041214673409426, ""mAcc"": 0.553799512418684, ""AP_agnostic"": 0.337, ""Num_Instances"": 88.0}, {""Scene"": ""room2"", ""mIoU"": 0.2639254858100009, ""mAcc"": 0.35155392969063465, ""AP_agnostic"": 0.16, ""Num_Instances"": 117.0}]",,0.8770325809543986,0.04087418023033583,0.737654779954096,0.927322451389549,0.19310156373733878,3.0
light,opt-light-30,20260614_GT_CLIP_opt-light-30_aa208,5fb61fe,2026-06-14T09:08:54.291283,397.886669,"[""cooccurrence"", ""aabb"", ""cos_sim"", ""overlap""]",0.27069284413853223,0.3980980782003521,0.0,0.173,60.0,8,"[{""Scene"": ""office0"", ""mIoU"": 0.2865598755529502, ""mAcc"": 0.36801972576033287, ""AP_agnostic"": 0.195, ""Num_Instances"": 56.0}, {""Scene"": ""office1"", ""mIoU"": 0.1707582647707125, ""mAcc"": 0.3212731092510948, ""AP_agnostic"": 0.212, ""Num_Instances"": 35.0}, {""Scene"": ""office2"", ""mIoU"": 0.25699989187558664, ""mAcc"": 0.3464396652344573, ""AP_agnostic"": 0.064, ""Num_Instances"": 67.0}, {""Scene"": ""office3"", ""mIoU"": 0.2569890457079005, ""mAcc"": 0.32165723847009564, ""AP_agnostic"": 0.124, ""Num_Instances"": 95.0}, {""Scene"": ""office4"", ""mIoU"": 0.42705047978249233, ""mAcc"": 0.5742961227429528, ""AP_agnostic"": 0.216, ""Num_Instances"": 75.0}, {""Scene"": ""room0"", ""mIoU"": 0.3323058486932305, ""mAcc"": 0.3983322429217668, ""AP_agnostic"": 0.212, ""Num_Instances"": 79.0}, {""Scene"": ""room1"", ""mIoU"": 0.37601377832848565, ""mAcc"": 0.5127028297426773, ""AP_agnostic"": 0.286, ""Num_Instances"": 60.0}, {""Scene"": ""room2"", ""mIoU"": 0.2834710003963319, ""mAcc"": 0.366770815303104, ""AP_agnostic"": 0.208, ""Num_Instances"": 55.0}]",,0.5544584579768109,0.23301981361273125,0.5367663185416978,0.8261065457161093,0.07860125762871065,7.0
light,opt-light-31,20260614_GT_CLIP_opt-light-31_6cb1f,5fb61fe,2026-06-14T09:15:32.216282,458.810809,"[""cooccurrence"", ""aabb"", ""cos_sim"", ""overlap""]",0.274606490879673,0.40375528133129857,0.0,0.219,80.0,8,"[{""Scene"": ""office0"", ""mIoU"": 0.2738838848916911, ""mAcc"": 0.359508036889781, ""AP_agnostic"": 0.133, ""Num_Instances"": 114.0}, {""Scene"": ""office1"", ""mIoU"": 0.1729602565022258, ""mAcc"": 0.32798991274170886, ""AP_agnostic"": 0.218, ""Num_Instances"": 65.0}, {""Scene"": ""office2"", ""mIoU"": 0.2980485791012045, ""mAcc"": 0.3670669565868089, ""AP_agnostic"": 0.188, ""Num_Instances"": 109.0}, {""Scene"": ""office3"", ""mIoU"": 0.28385241614930506, ""mAcc"": 0.34707678462176716, ""AP_agnostic"": 0.227, ""Num_Instances"": 158.0}, {""Scene"": ""office4"", ""mIoU"": 0.46130229980370857, ""mAcc"": 0.5938049655378634, ""AP_agnostic"": 0.255, ""Num_Instances"": 106.0}, {""Scene"": ""room0"", ""mIoU"": 0.31502017456463793, ""mAcc"": 0.3791223388927225, ""AP_agnostic"": 0.231, ""Num_Instances"": 123.0}, {""Scene"": ""room1"", ""mIoU"": 0.4038334811992789, ""mAcc"": 0.5353081569519046, ""AP_agnostic"": 0.36, ""Num_Instances"": 80.0}, {""Scene"": ""room2"", ""mIoU"": 0.23773898449570355, ""mAcc"": 0.321723562511435, ""AP_agnostic"": 0.172, ""Num_Instances"": 92.0}]",,0.5544584579768109,0.05081453886774949,0.769331322352,0.9720953676071487,0.07860125762871065,10.0
light,opt-light-32,20260614_GT_CLIP_opt-light-32_cab93,5fb61fe,2026-06-14T09:23:11.064568,392.392372,"[""cooccurrence"", ""aabb"", ""cos_sim"", ""overlap""]",0.26486576196919964,0.39139711138429056,0.0,0.177,60.0,8,"[{""Scene"": ""office0"", ""mIoU"": 0.29595888004314125, ""mAcc"": 0.38174273988488877, ""AP_agnostic"": 0.195, ""Num_Instances"": 53.0}, {""Scene"": ""office1"", ""mIoU"": 0.16571661879588023, ""mAcc"": 0.3203159210556514, ""AP_agnostic"": 0.211, ""Num_Instances"": 35.0}, {""Scene"": ""office2"", ""mIoU"": 0.24217054577162186, ""mAcc"": 0.32655661834717464, ""AP_agnostic"": 0.082, ""Num_Instances"": 63.0}, {""Scene"": ""office3"", ""mIoU"": 0.25529978017136107, ""mAcc"": 0.31681623176966384, ""AP_agnostic"": 0.138, ""Num_Instances"": 94.0}, {""Scene"": ""office4"", ""mIoU"": 0.43072557214203755, ""mAcc"": 0.575323326338393, ""AP_agnostic"": 0.228, ""Num_Instances"": 74.0}, {""Scene"": ""room0"", ""mIoU"": 0.33208289515366707, ""mAcc"": 0.397691891805707, ""AP_agnostic"": 0.21, ""Num_Instances"": 78.0}, {""Scene"": ""room1"", ""mIoU"": 0.3694344692574276, ""mAcc"": 0.5118399225207306, ""AP_agnostic"": 0.274, ""Num_Instances"": 60.0}, {""Scene"": ""room2"", ""mIoU"": 0.2746451594396184, ""mAcc"": 0.357461831688246, ""AP_agnostic"": 0.197, ""Num_Instances"": 52.0}]",,0.5544584579768109,0.26166895924516614,0.5739788760965348,0.8024250873846466,0.07860125762871065,7.0
light,opt-light-33,20260614_GT_CLIP_opt-light-33_39298,5fb61fe,2026-06-14T09:29:43.494804,325.907431,"[""cooccurrence"", ""aabb"", ""cos_sim"", ""overlap""]",0.269890100845893,0.3987261340425806,0.0,0.191,92.0,8,"[{""Scene"": ""office0"", ""mIoU"": 0.2564434671865717, ""mAcc"": 0.34245859642985277, ""AP_agnostic"": 0.122, ""Num_Instances"": 152.0}, {""Scene"": ""office1"", ""mIoU"": 0.16620340632068137, ""mAcc"": 0.31626647607895636, ""AP_agnostic"": 0.196, ""Num_Instances"": 78.0}, {""Scene"": ""office2"", ""mIoU"": 0.2391206823285974, ""mAcc"": 0.299246632876064, ""AP_agnostic"": 0.177, ""Num_Instances"": 125.0}, {""Scene"": ""office3"", ""mIoU"": 0.25907118377440463, ""mAcc"": 0.3228718793069548, ""AP_agnostic"": 0.183, ""Num_Instances"": 189.0}, {""Scene"": ""office4"", ""mIoU"": 0.4552938148268519, ""mAcc"": 0.5863066502337316, ""AP_agnostic"": 0.199, ""Num_Instances"": 127.0}, {""Scene"": ""room0"", ""mIoU"": 0.33335286904120426, ""mAcc"": 0.40033185742558913, ""AP_agnostic"": 0.208, ""Num_Instances"": 145.0}, {""Scene"": ""room1"", ""mIoU"": 0.4030802391500991, ""mAcc"": 0.553785142345064, ""AP_agnostic"": 0.312, ""Num_Instances"": 92.0}, {""Scene"": ""room2"", ""mIoU"": 0.2637468194831432, ""mAcc"": 0.3515570896726223, ""AP_agnostic"": 0.158, ""Num_Instances"": 117.0}]",,0.9468357240126606,0.22495830370719339,0.559195090518222,0.7858842873017604,0.1201975341512912,7.0
light,opt-light-34,20260614_GT_CLIP_opt-light-34_ef0ce,5fb61fe,2026-06-14T09:35:09.439864,325.84784,"[""cooccurrence"", ""aabb"", ""cos_sim"", ""overlap""]",0.2698583610106961,0.39870042539021106,0.0,0.194,92.0,8,"[{""Scene"": ""office0"", ""mIoU"": 0.2564445545647766, ""mAcc"": 0.3424589842815616, ""AP_agnostic"": 0.124, ""Num_Instances"": 149.0}, {""Scene"": ""office1"", ""mIoU"": 0.16620340632068137, ""mAcc"": 0.31626647607895636, ""AP_agnostic"": 0.196, ""Num_Instances"": 77.0}, {""Scene"": ""office2"", ""mIoU"": 0.23912199831423403, ""mAcc"": 0.2992477929372456, ""AP_agnostic"": 0.177, ""Num_Instances"": 123.0}, {""Scene"": ""office3"", ""mIoU"": 0.25907079280817025, ""mAcc"": 0.3228714816576323, ""AP_agnostic"": 0.197, ""Num_Instances"": 191.0}, {""Scene"": ""office4"", ""mIoU"": 0.45460287251580533, ""mAcc"": 0.5858196492782894, ""AP_agnostic"": 0.199, ""Num_Instances"": 127.0}, {""Scene"": ""room0"", ""mIoU"": 0.3333525950807901, ""mAcc"": 0.4003317115951724, ""AP_agnostic"": 0.208, ""Num_Instances"": 144.0}, {""Scene"": ""room1"", ""mIoU"": 0.4030802391500991, ""mAcc"": 0.553785142345064, ""AP_agnostic"": 0.312, ""Num_Instances"": 92.0}, {""Scene"": ""room2"", ""mIoU"": 0.26373508261451256, ""mAcc"": 0.35155157702714873, ""AP_agnostic"": 0.158, ""Num_Instances"": 116.0}]",,0.9273805889770275,0.23301981361273125,0.5367663185416978,0.927322451389549,0.27220801836397585,3.0
aggressive,opt-aggressive-0,20260614_GT_CLIP_opt-aggressive-0_abed4,5fb61fe,2026-06-14T09:40:35.386959,370.754482,"[""cooccurrence"", ""aabb"", ""cos_sim"", ""overlap""]",0.23250793725808336,0.34717013211455044,0.0,0.069,150.0,8,"[{""Scene"": ""office0"", ""mIoU"": 0.17914188952146481, ""mAcc"": 0.26506470134813415, ""AP_agnostic"": 0.0, ""Num_Instances"": 250.0}, {""Scene"": ""office1"", ""mIoU"": 0.16681912769444013, ""mAcc"": 0.297578567793338, ""AP_agnostic"": 0.057, ""Num_Instances"": 111.0}, {""Scene"": ""office2"", ""mIoU"": 0.22972605432532062, ""mAcc"": 0.2882628677290559, ""AP_agnostic"": 0.122, ""Num_Instances"": 167.0}, {""Scene"": ""office3"", ""mIoU"": 0.2341881485230248, ""mAcc"": 0.29881772603714923, ""AP_agnostic"": 0.086, ""Num_Instances"": 262.0}, {""Scene"": ""office4"", ""mIoU"": 0.4273107483802228, ""mAcc"": 0.5541740353073545, ""AP_agnostic"": 0.071, ""Num_Instances"": 202.0}, {""Scene"": ""room0"", ""mIoU"": 0.27560258601829374, ""mAcc"": 0.3420779703235855, ""AP_agnostic"": 0.08, ""Num_Instances"": 242.0}, {""Scene"": ""room1"", ""mIoU"": 0.3256044169169179, ""mAcc"": 0.4574275487411512, ""AP_agnostic"": 0.081, ""Num_Instances"": 150.0}, {""Scene"": ""room2"", ""mIoU"": 0.2500283323929748, ""mAcc"": 0.3181481937952628, ""AP_agnostic"": 0.034, ""Num_Instances"": 167.0}]",,0.9468357240126606,0.22495830370719339,0.559195090518222,0.7858842873017604,0.1201975341512912,7.0
aggressive,opt-aggressive-1,20260614_GT_CLIP_opt-aggressive-1_bd9b3,5fb61fe,2026-06-14T09:46:46.177888,366.99184,"[""cooccurrence"", ""aabb"", ""cos_sim"", ""overlap""]",0.2350882808631141,0.35194338292640087,0.0,0.088,136.0,8,"[{""Scene"": ""office0"", ""mIoU"": 0.18720775825907712, ""mAcc"": 0.261571040162958, ""AP_agnostic"": 0.003, ""Num_Instances"": 215.0}, {""Scene"": ""office1"", ""mIoU"": 0.1661336836032895, ""mAcc"": 0.29700895772857583, ""AP_agnostic"": 0.058, ""Num_Instances"": 106.0}, {""Scene"": ""office2"", ""mIoU"": 0.2294559327319912, ""mAcc"": 0.2878960698345256, ""AP_agnostic"": 0.124, ""Num_Instances"": 160.0}, {""Scene"": ""office3"", ""mIoU"": 0.23198983313372676, ""mAcc"": 0.30474973533257843, ""AP_agnostic"": 0.124, ""Num_Instances"": 240.0}, {""Scene"": ""office4"", ""mIoU"": 0.4275680469291443, ""mAcc"": 0.554961714237679, ""AP_agnostic"": 0.12, ""Num_Instances"": 181.0}, {""Scene"": ""room0"", ""mIoU"": 0.27699005111996317, ""mAcc"": 0.3437683725658799, ""AP_agnostic"": 0.094, ""Num_Instances"": 221.0}, {""Scene"": ""room1"", ""mIoU"": 0.3260091820742149, ""mAcc"": 0.4582664313641445, ""AP_agnostic"": 0.104, ""Num_Instances"": 136.0}, {""Scene"": ""room2"", ""mIoU"": 0.2674994446238261, ""mAcc"": 0.33615572382202386, ""AP_agnostic"": 0.044, ""Num_Instances"": 155.0}]",,0.9071027885142195,0.18831220328809845,0.6248435466776274,0.7547344336880346,0.48645943347289744,2.0
aggressive,opt-aggressive-2,20260614_GT_CLIP_opt-aggressive-2_b52e8,5fb61fe,2026-06-14T09:52:53.205488,482.702548,"[""cooccurrence"", ""aabb"", ""cos_sim"", ""overlap""]",0.20710334773497824,0.3180075127683316,0.0,0.111,67.0,8,"[{""Scene"": ""office0"", ""mIoU"": 0.15092703113746142, ""mAcc"": 0.22863885745124501, ""AP_agnostic"": 0.003, ""Num_Instances"": 93.0}, {""Scene"": ""office1"", ""mIoU"": 0.16955372729426166, ""mAcc"": 0.31492131176511123, ""AP_agnostic"": 0.09, ""Num_Instances"": 48.0}, {""Scene"": ""office2"", ""mIoU"": 0.23769185453477287, ""mAcc"": 0.3126574470943286, ""AP_agnostic"": 0.154, ""Num_Instances"": 91.0}, {""Scene"": ""office3"", ""mIoU"": 0.22081006126707425, ""mAcc"": 0.2935714330640844, ""AP_agnostic"": 0.134, ""Num_Instances"": 148.0}, {""Scene"": ""office4"", ""mIoU"": 0.4361451410675261, ""mAcc"": 0.5861490953141607, ""AP_agnostic"": 0.188, ""Num_Instances"": 101.0}, {""Scene"": ""room0"", ""mIoU"": 0.2149913726778332, ""mAcc"": 0.27930684542128525, ""AP_agnostic"": 0.113, ""Num_Instances"": 94.0}, {""Scene"": ""room1"", ""mIoU"": 0.2542907529313876, ""mAcc"": 0.3758580148608727, ""AP_agnostic"": 0.153, ""Num_Instances"": 67.0}, {""Scene"": ""room2"", ""mIoU"": 0.2338991157660322, ""mAcc"": 0.29759048058611415, ""AP_agnostic"": 0.057, ""Num_Instances"": 77.0}]",,0.5997993820187898,0.07091099081798817,0.3100427059120603,0.8199757158806936,0.28614039423450705,13.0
aggressive,opt-aggressive-3,20260614_GT_CLIP_opt-aggressive-3_8641e,5fb61fe,2026-06-14T10:00:55.944000,443.325877,"[""cooccurrence"", ""aabb"", ""cos_sim"", ""overlap""]",0.20606390936388017,0.2943056916722307,0.0,0.065,58.0,8,"[{""Scene"": ""office0"", ""mIoU"": 0.1606663863398399, ""mAcc"": 0.2113706384150525, ""AP_agnostic"": 0.006, ""Num_Instances"": 58.0}, {""Scene"": ""office1"", ""mIoU"": 0.13304663666106825, ""mAcc"": 0.23651721685455335, ""AP_agnostic"": 0.063, ""Num_Instances"": 39.0}, {""Scene"": ""office2"", ""mIoU"": 0.21851116285635588, ""mAcc"": 0.2802171815246472, ""AP_agnostic"": 0.074, ""Num_Instances"": 67.0}, {""Scene"": ""office3"", ""mIoU"": 0.2134583886426419, ""mAcc"": 0.2870228106630237, ""AP_agnostic"": 0.091, ""Num_Instances"": 101.0}, {""Scene"": ""office4"", ""mIoU"": 0.373900140010545, ""mAcc"": 0.46376203140788347, ""AP_agnostic"": 0.074, ""Num_Instances"": 90.0}, {""Scene"": ""room0"", ""mIoU"": 0.2073583548235362, ""mAcc"": 0.2563945849039346, ""AP_agnostic"": 0.085, ""Num_Instances"": 79.0}, {""Scene"": ""room1"", ""mIoU"": 0.2176219323863485, ""mAcc"": 0.3148324607543678, ""AP_agnostic"": 0.082, ""Num_Instances"": 58.0}, {""Scene"": ""room2"", ""mIoU"": 0.21705080845544214, ""mAcc"": 0.284358833547947, ""AP_agnostic"": 0.025, ""Num_Instances"": 67.0}]",,0.6368776958930797,0.19131881052226624,0.2836963163912251,0.8171932691631002,0.2148628294821613,8.0
aggressive,opt-aggressive-4,20260614_GT_CLIP_opt-aggressive-4_53e58,5fb61fe,2026-06-14T10:08:19.306852,352.972206,"[""cooccurrence"", ""aabb"", ""cos_sim"", ""overlap""]",0.2323833918772813,0.3419345902149253,0.0,0.078,104.0,8,"[{""Scene"": ""office0"", ""mIoU"": 0.19184412624930952, ""mAcc"": 0.26866094587173267, ""AP_agnostic"": 0.006, ""Num_Instances"": 172.0}, {""Scene"": ""office1"", ""mIoU"": 0.16976964428783545, ""mAcc"": 0.29718259347049325, ""AP_agnostic"": 0.061, ""Num_Instances"": 90.0}, {""Scene"": ""office2"", ""mIoU"": 0.23513053135836776, ""mAcc"": 0.29028733487749264, ""AP_agnostic"": 0.031, ""Num_Instances"": 124.0}, {""Scene"": ""office3"", ""mIoU"": 0.2386176046587686, ""mAcc"": 0.3122981719187456, ""AP_agnostic"": 0.081, ""Num_Instances"": 185.0}, {""Scene"": ""office4"", ""mIoU"": 0.42955525046049664, ""mAcc"": 0.5568301624088532, ""AP_agnostic"": 0.152, ""Num_Instances"": 142.0}, {""Scene"": ""room0"", ""mIoU"": 0.2477182770331786, ""mAcc"": 0.3159277264365859, ""AP_agnostic"": 0.108, ""Num_Instances"": 167.0}, {""Scene"": ""room1"", ""mIoU"": 0.326996008942067, ""mAcc"": 0.4558332473451607, ""AP_agnostic"": 0.128, ""Num_Instances"": 104.0}, {""Scene"": ""room2"", ""mIoU"": 0.2680273401045666, ""mAcc"": 0.336498939691104, ""AP_agnostic"": 0.054, ""Num_Instances"": 130.0}]",,0.8690327018547164,0.07590865900434073,0.508540663048167,0.8862553508382698,0.07090268572399898,8.0
aggressive,opt-aggressive-5,20260614_GT_CLIP_opt-aggressive-5_3b451,5fb61fe,2026-06-14T10:14:12.315057,563.387497,"[""cooccurrence"", ""aabb"", ""cos_sim"", ""overlap""]",0.230293002988101,0.3487924354311957,0.0,0.123,91.0,8,"[{""Scene"": ""office0"", ""mIoU"": 0.1926989172988921, ""mAcc"": 0.27981341477962957, ""AP_agnostic"": 0.01, ""Num_Instances"": 140.0}, {""Scene"": ""office1"", ""mIoU"": 0.180484629073441, ""mAcc"": 0.3052708450197464, ""AP_agnostic"": 0.072, ""Num_Instances"": 75.0}, {""Scene"": ""office2"", ""mIoU"": 0.2732881893590418, ""mAcc"": 0.33757542019708053, ""AP_agnostic"": 0.125, ""Num_Instances"": 116.0}, {""Scene"": ""office3"", ""mIoU"": 0.2683104792968121, ""mAcc"": 0.34790419016565105, ""AP_agnostic"": 0.15, ""Num_Instances"": 194.0}, {""Scene"": ""office4"", ""mIoU"": 0.46006676374492855, ""mAcc"": 0.5725541483473995, ""AP_agnostic"": 0.216, ""Num_Instances"": 124.0}, {""Scene"": ""room0"", ""mIoU"": 0.23404403785754357, ""mAcc"": 0.3048017137309167, ""AP_agnostic"": 0.146, ""Num_Instances"": 144.0}, {""Scene"": ""room1"", ""mIoU"": 0.3051135908956455, ""mAcc"": 0.42463587208733583, ""AP_agnostic"": 0.187, ""Num_Instances"": 91.0}, {""Scene"": ""room2"", ""mIoU"": 0.2356142627589204, ""mAcc"": 0.2990570431437068, ""AP_agnostic"": 0.057, ""Num_Instances"": 113.0}]",,0.580146338133027,0.03821444603587826,0.769331322352,0.9720953676071487,0.4137788066524075,10.0
aggressive,opt-aggressive-6,20260614_GT_CLIP_opt-aggressive-6_942bd,5fb61fe,2026-06-14T10:23:35.738237,443.290478,"[""cooccurrence"", ""aabb"", ""cos_sim"", ""overlap""]",0.21515555406390602,0.30384313460782547,0.0,0.068,60.0,8,"[{""Scene"": ""office0"", ""mIoU"": 0.17799396229965497, ""mAcc"": 0.2505884585294114, ""AP_agnostic"": 0.006, ""Num_Instances"": 59.0}, {""Scene"": ""office1"", ""mIoU"": 0.18163203607581005, ""mAcc"": 0.310640726213064, ""AP_agnostic"": 0.08, ""Num_Instances"": 38.0}, {""Scene"": ""office2"", ""mIoU"": 0.22273716391570017, ""mAcc"": 0.2850739687925616, ""AP_agnostic"": 0.077, ""Num_Instances"": 74.0}, {""Scene"": ""office3"", ""mIoU"": 0.22652247643453696, ""mAcc"": 0.30036005344847033, ""AP_agnostic"": 0.106, ""Num_Instances"": 111.0}, {""Scene"": ""office4"", ""mIoU"": 0.3746982915448982, ""mAcc"": 0.4830867934144714, ""AP_agnostic"": 0.064, ""Num_Instances"": 94.0}, {""Scene"": ""room0"", ""mIoU"": 0.2326020642078261, ""mAcc"": 0.28940691139430463, ""AP_agnostic"": 0.091, ""Num_Instances"": 91.0}, {""Scene"": ""room1"", ""mIoU"": 0.2366142860642583, ""mAcc"": 0.36252118246511555, ""AP_agnostic"": 0.084, ""Num_Instances"": 60.0}, {""Scene"": ""room2"", ""mIoU"": 0.22855352830472334, ""mAcc"": 0.30414751127493866, ""AP_agnostic"": 0.014, ""Num_Instances"": 65.0}]",,0.5459058935830005,0.2115852474234039,0.46409149624376084,0.7780687940142992,0.2728296095500716,6.0
aggressive,opt-aggressive-7,20260614_GT_CLIP_opt-aggressive-7_eed14,5fb61fe,2026-06-14T10:30:59.064144,370.71571,"[""cooccurrence"", ""aabb"", ""cos_sim"", ""overlap""]",0.2333393917929576,0.3484947290667037,0.0,0.076,149.0,8,"[{""Scene"": ""office0"", ""mIoU"": 0.18274385112327943, ""mAcc"": 0.2689788702203607, ""AP_agnostic"": 0.003, ""Num_Instances"": 238.0}, {""Scene"": ""office1"", ""mIoU"": 0.16669230446549865, ""mAcc"": 0.2974455317748679, ""AP_agnostic"": 0.057, ""Num_Instances"": 109.0}, {""Scene"": ""office2"", ""mIoU"": 0.22972605432532062, ""mAcc"": 0.2882628677290559, ""AP_agnostic"": 0.122, ""Num_Instances"": 170.0}, {""Scene"": ""office3"", ""mIoU"": 0.2349310870761838, ""mAcc"": 0.29953957750045024, ""AP_agnostic"": 0.108, ""Num_Instances"": 260.0}, {""Scene"": ""office4"", ""mIoU"": 0.42717341382940927, ""mAcc"": 0.5546534972557606, ""AP_agnostic"": 0.091, ""Num_Instances"": 200.0}, {""Scene"": ""room0"", ""mIoU"": 0.2754801563340167, ""mAcc"": 0.3420222964937819, ""AP_agnostic"": 0.083, ""Num_Instances"": 234.0}, {""Scene"": ""room1"", ""mIoU"": 0.3254040978449394, ""mAcc"": 0.4573624345718118, ""AP_agnostic"": 0.084, ""Num_Instances"": 149.0}, {""Scene"": ""room2"", ""mIoU"": 0.2520448484506607, ""mAcc"": 0.3209872348543964, ""AP_agnostic"": 0.032, ""Num_Instances"": 165.0}]",,0.9273805889770275,0.09245839484800474,0.5975133706123892,0.8216935475005646,0.28403060953001485,2.0
aggressive,opt-aggressive-8,20260614_GT_CLIP_opt-aggressive-8_de461,5fb61fe,2026-06-14T10:37:09.858840,449.838698,"[""cooccurrence"", ""aabb"", ""cos_sim"", ""overlap""]",0.20143926583312197,0.2914131961927917,0.0,0.092,64.0,8,"[{""Scene"": ""office0"", ""mIoU"": 0.16377515558483122, ""mAcc"": 0.21609881721851393, ""AP_agnostic"": 0.005, ""Num_Instances"": 59.0}, {""Scene"": ""office1"", ""mIoU"": 0.1545243011594309, ""mAcc"": 0.25246953234537256, ""AP_agnostic"": 0.075, ""Num_Instances"": 37.0}, {""Scene"": ""office2"", ""mIoU"": 0.21101000007986223, ""mAcc"": 0.29089868132540436, ""AP_agnostic"": 0.103, ""Num_Instances"": 78.0}, {""Scene"": ""office3"", ""mIoU"": 0.176353837843945, ""mAcc"": 0.24885811841334052, ""AP_agnostic"": 0.108, ""Num_Instances"": 116.0}, {""Scene"": ""office4"", ""mIoU"": 0.3756066122327242, ""mAcc"": 0.48829251643305194, ""AP_agnostic"": 0.15, ""Num_Instances"": 98.0}, {""Scene"": ""room0"", ""mIoU"": 0.22309045894729315, ""mAcc"": 0.2789525877258414, ""AP_agnostic"": 0.104, ""Num_Instances"": 85.0}, {""Scene"": ""room1"", ""mIoU"": 0.2418178948451966, ""mAcc"": 0.3650390641776729, ""AP_agnostic"": 0.116, ""Num_Instances"": 64.0}, {""Scene"": ""room2"", ""mIoU"": 0.23377423886035145, ""mAcc"": 0.2916315981413543, ""AP_agnostic"": 0.053, ""Num_Instances"": 65.0}]",,0.5868815940969977,0.2914836957740764,0.6650796940166688,0.9660847565597634,0.452672307692442,9.0
aggressive,opt-aggressive-9,20260614_GT_CLIP_opt-aggressive-9_4dc79,5fb61fe,2026-06-14T10:44:39.733807,372.109139,"[""cooccurrence"", ""aabb"", ""cos_sim"", ""overlap""]",0.23287002439742602,0.34764476615189194,0.0,0.076,151.0,8,"[{""Scene"": ""office0"", ""mIoU"": 0.1825131492777768, ""mAcc"": 0.26908978512150483, ""AP_agnostic"": 0.002, ""Num_Instances"": 246.0}, {""Scene"": ""office1"", ""mIoU"": 0.16681912769444013, ""mAcc"": 0.297578567793338, ""AP_agnostic"": 0.057, ""Num_Instances"": 110.0}, {""Scene"": ""office2"", ""mIoU"": 0.22972605432532062, ""mAcc"": 0.2882628677290559, ""AP_agnostic"": 0.122, ""Num_Instances"": 171.0}, {""Scene"": ""office3"", ""mIoU"": 0.23483627396389575, ""mAcc"": 0.2994930206151128, ""AP_agnostic"": 0.108, ""Num_Instances"": 261.0}, {""Scene"": ""office4"", ""mIoU"": 0.42781849281086215, ""mAcc"": 0.555062029440246, ""AP_agnostic"": 0.094, ""Num_Instances"": 207.0}, {""Scene"": ""room0"", ""mIoU"": 0.27558838778969974, ""mAcc"": 0.34206820674093913, ""AP_agnostic"": 0.086, ""Num_Instances"": 246.0}, {""Scene"": ""room1"", ""mIoU"": 0.32560573591114683, ""mAcc"": 0.45743003152940864, ""AP_agnostic"": 0.081, ""Num_Instances"": 151.0}, {""Scene"": ""room2"", ""mIoU"": 0.2500358587497166, ""mAcc"": 0.3181557838320745, ""AP_agnostic"": 0.032, ""Num_Instances"": 167.0}]",,0.9332808904608649,0.044777900574537455,0.3175897174514871,0.7604022764494237,0.19639864884346897,10.0
aggressive,opt-aggressive-10,20260614_GT_CLIP_opt-aggressive-10_c6050,5fb61fe,2026-06-14T10:50:51.879196,439.217497,"[""cooccurrence"", ""aabb"", ""cos_sim"", ""overlap""]",0.20809794161432174,0.30357017498580224,0.0,0.059,56.0,8,"[{""Scene"": ""office0"", ""mIoU"": 0.16763232847850323, ""mAcc"": 0.2334180634365439, ""AP_agnostic"": 0.001, ""Num_Instances"": 56.0}, {""Scene"": ""office1"", ""mIoU"": 0.17113893981401185, ""mAcc"": 0.31146341273184225, ""AP_agnostic"": 0.073, ""Num_Instances"": 38.0}, {""Scene"": ""office2"", ""mIoU"": 0.21658917780808848, ""mAcc"": 0.27857202651236596, ""AP_agnostic"": 0.044, ""Num_Instances"": 69.0}, {""Scene"": ""office3"", ""mIoU"": 0.20724640291068813, ""mAcc"": 0.28181975058563824, ""AP_agnostic"": 0.092, ""Num_Instances"": 102.0}, {""Scene"": ""office4"", ""mIoU"": 0.37598432545183835, ""mAcc"": 0.48407191557105544, ""AP_agnostic"": 0.077, ""Num_Instances"": 90.0}, {""Scene"": ""room0"", ""mIoU"": 0.23506300492234683, ""mAcc"": 0.28413472350425373, ""AP_agnostic"": 0.077, ""Num_Instances"": 84.0}, {""Scene"": ""room1"", ""mIoU"": 0.2211403768553681, ""mAcc"": 0.3205121700583932, ""AP_agnostic"": 0.077, ""Num_Instances"": 56.0}, {""Scene"": ""room2"", ""mIoU"": 0.21104159435156405, ""mAcc"": 0.28607415002787995, ""AP_agnostic"": 0.023, ""Num_Instances"": 64.0}]",,0.6275340449337311,0.2520465025625402,0.4140519960161536,0.8146149372280975,0.2942132374212118,7.0
aggressive,opt-aggressive-11,20260614_GT_CLIP_opt-aggressive-11_1822e,5fb61fe,2026-06-14T10:58:11.132489,367.28525,"[""cooccurrence"", ""aabb"", ""cos_sim"", ""overlap""]",0.23581657338984166,0.351775074669724,0.0,0.1,121.0,8,"[{""Scene"": ""office0"", ""mIoU"": 0.19051380890822703, ""mAcc"": 0.26741468561830006, ""AP_agnostic"": 0.005, ""Num_Instances"": 204.0}, {""Scene"": ""office1"", ""mIoU"": 0.1669741003805127, ""mAcc"": 0.2977458947187169, ""AP_agnostic"": 0.057, ""Num_Instances"": 103.0}, {""Scene"": ""office2"", ""mIoU"": 0.22710202440497873, ""mAcc"": 0.28095452273406296, ""AP_agnostic"": 0.113, ""Num_Instances"": 161.0}, {""Scene"": ""office3"", ""mIoU"": 0.23587998497904253, ""mAcc"": 0.30994936348822627, ""AP_agnostic"": 0.126, ""Num_Instances"": 231.0}, {""Scene"": ""office4"", ""mIoU"": 0.42779775227204775, ""mAcc"": 0.5550245719506376, ""AP_agnostic"": 0.142, ""Num_Instances"": 183.0}, {""Scene"": ""room0"", ""mIoU"": 0.2732348219937161, ""mAcc"": 0.33822555949927763, ""AP_agnostic"": 0.117, ""Num_Instances"": 214.0}, {""Scene"": ""room1"", ""mIoU"": 0.3259071384811803, ""mAcc"": 0.4579764327013491, ""AP_agnostic"": 0.152, ""Num_Instances"": 121.0}, {""Scene"": ""room2"", ""mIoU"": 0.26787835817009836, ""mAcc"": 0.3364137086265878, ""AP_agnostic"": 0.053, ""Num_Instances"": 150.0}]",,0.8770325809543986,0.04087418023033583,0.7921321619603106,0.9276162969382312,0.1394220566903776,3.0
aggressive,opt-aggressive-12,20260614_GT_CLIP_opt-aggressive-12_ce2d5,5fb61fe,2026-06-14T11:04:18.456419,356.8663,"[""cooccurrence"", ""aabb"", ""cos_sim"", ""overlap""]",0.23592070372123278,0.35186894754253123,0.0,0.094,115.0,8,"[{""Scene"": ""office0"", ""mIoU"": 0.19097194143393548, ""mAcc"": 0.26791090849449883, ""AP_agnostic"": 0.006, ""Num_Instances"": 178.0}, {""Scene"": ""office1"", ""mIoU"": 0.16764627722318365, ""mAcc"": 0.29760493226971385, ""AP_agnostic"": 0.058, ""Num_Instances"": 98.0}, {""Scene"": ""office2"", ""mIoU"": 0.22636276104545006, ""mAcc"": 0.2800328074088351, ""AP_agnostic"": 0.114, ""Num_Instances"": 149.0}, {""Scene"": ""office3"", ""mIoU"": 0.2361699240009425, ""mAcc"": 0.31034731726243175, ""AP_agnostic"": 0.122, ""Num_Instances"": 214.0}, {""Scene"": ""office4"", ""mIoU"": 0.42760711994057266, ""mAcc"": 0.5549591496110251, ""AP_agnostic"": 0.131, ""Num_Instances"": 167.0}, {""Scene"": ""room0"", ""mIoU"": 0.27132935367668337, ""mAcc"": 0.33594419555930183, ""AP_agnostic"": 0.104, ""Num_Instances"": 193.0}, {""Scene"": ""room1"", ""mIoU"": 0.33320762181563174, ""mAcc"": 0.4585400554004541, ""AP_agnostic"": 0.136, ""Num_Instances"": 115.0}, {""Scene"": ""room2"", ""mIoU"": 0.26806233577332944, ""mAcc"": 0.3365374372583247, ""AP_agnostic"": 0.052, ""Num_Instances"": 140.0}]",,0.883266871373772,0.21792005627733277,0.6374043008245924,0.9273921797377676,0.08332009328034067,2.0
aggressive,opt-aggressive-13,20260614_GT_CLIP_opt-aggressive-13_553f2,5fb61fe,2026-06-14T11:10:15.360362,432.5873,"[""cooccurrence"", ""aabb"", ""cos_sim"", ""overlap""]",0.21114828739829303,0.3015835437926513,0.0,0.054,58.0,8,"[{""Scene"": ""office0"", ""mIoU"": 0.17035421125437264, ""mAcc"": 0.2474007183986968, ""AP_agnostic"": 0.001, ""Num_Instances"": 53.0}, {""Scene"": ""office1"", ""mIoU"": 0.17521252730545944, ""mAcc"": 0.31065656559450233, ""AP_agnostic"": 0.071, ""Num_Instances"": 37.0}, {""Scene"": ""office2"", ""mIoU"": 0.2238314748930549, ""mAcc"": 0.2855465582633604, ""AP_agnostic"": 0.025, ""Num_Instances"": 66.0}, {""Scene"": ""office3"", ""mIoU"": 0.20080137595448827, ""mAcc"": 0.26021460400844537, ""AP_agnostic"": 0.084, ""Num_Instances"": 93.0}, {""Scene"": ""office4"", ""mIoU"": 0.3756862448404302, ""mAcc"": 0.4850158907995798, ""AP_agnostic"": 0.084, ""Num_Instances"": 81.0}, {""Scene"": ""room0"", ""mIoU"": 0.23765378558345845, ""mAcc"": 0.29671032338222475, ""AP_agnostic"": 0.063, ""Num_Instances"": 85.0}, {""Scene"": ""room1"", ""mIoU"": 0.2512929846749573, ""mAcc"": 0.37048097645383343, ""AP_agnostic"": 0.076, ""Num_Instances"": 58.0}, {""Scene"": ""room2"", ""mIoU"": 0.22839421158202852, ""mAcc"": 0.2899010291870034, ""AP_agnostic"": 0.023, ""Num_Instances"": 60.0}]",,0.5544584579768109,0.26166895924516614,0.5739788760965348,0.8261065457161093,0.07860125762871065,7.0
aggressive,opt-aggressive-14,20260614_GT_CLIP_opt-aggressive-14_09098,5fb61fe,2026-06-14T11:17:27.984196,485.595814,"[""cooccurrence"", ""aabb"", ""cos_sim"", ""overlap""]",0.19877865907809025,0.29667937608629075,0.0,0.096,63.0,8,"[{""Scene"": ""office0"", ""mIoU"": 0.16975439056846706, ""mAcc"": 0.24732286219106617, ""AP_agnostic"": 0.002, ""Num_Instances"": 66.0}, {""Scene"": ""office1"", ""mIoU"": 0.17862531167228518, ""mAcc"": 0.30404538786861657, ""AP_agnostic"": 0.069, ""Num_Instances"": 42.0}, {""Scene"": ""office2"", ""mIoU"": 0.20623558800785133, ""mAcc"": 0.2653572747395814, ""AP_agnostic"": 0.115, ""Num_Instances"": 84.0}, {""Scene"": ""office3"", ""mIoU"": 0.19449404637892848, ""mAcc"": 0.2596052855645334, ""AP_agnostic"": 0.118, ""Num_Instances"": 124.0}, {""Scene"": ""office4"", ""mIoU"": 0.3784098480123101, ""mAcc"": 0.48205960806087184, ""AP_agnostic"": 0.153, ""Num_Instances"": 108.0}, {""Scene"": ""room0"", ""mIoU"": 0.23594821230141594, ""mAcc"": 0.2918042290282427, ""AP_agnostic"": 0.129, ""Num_Instances"": 98.0}, {""Scene"": ""room1"", ""mIoU"": 0.23593511826000313, ""mAcc"": 0.3571637685482287, ""AP_agnostic"": 0.103, ""Num_Instances"": 63.0}, {""Scene"": ""room2"", ""mIoU"": 0.25780538517559576, ""mAcc"": 0.32607286359692805, ""AP_agnostic"": 0.052, ""Num_Instances"": 76.0}]",,0.652836161352571,0.2242897299346579,0.5825344828131279,0.9540589307925551,0.2624967163228772,6.0
aggressive,opt-aggressive-15,20260614_GT_CLIP_opt-aggressive-15_c1487,5fb61fe,2026-06-14T11:25:33.618160,360.037501,"[""cooccurrence"", ""aabb"", ""cos_sim"", ""overlap""]",0.23519967993637833,0.34787571978333487,0.0,0.105,96.0,8,"[{""Scene"": ""office0"", ""mIoU"": 0.20602617619369606, ""mAcc"": 0.29770341818845436, ""AP_agnostic"": 0.013, ""Num_Instances"": 133.0}, {""Scene"": ""office1"", ""mIoU"": 0.1654434309563534, ""mAcc"": 0.28880981168615905, ""AP_agnostic"": 0.061, ""Num_Instances"": 70.0}, {""Scene"": ""office2"", ""mIoU"": 0.2388587083584818, ""mAcc"": 0.29651619373480975, ""AP_agnostic"": 0.11, ""Num_Instances"": 123.0}, {""Scene"": ""office3"", ""mIoU"": 0.23751687346859837, ""mAcc"": 0.31250759163841535, ""AP_agnostic"": 0.123, ""Num_Instances"": 176.0}, {""Scene"": ""office4"", ""mIoU"": 0.4260274261183047, ""mAcc"": 0.5605017947862987, ""AP_agnostic"": 0.193, ""Num_Instances"": 126.0}, {""Scene"": ""room0"", ""mIoU"": 0.2599146078088965, ""mAcc"": 0.3348961388239029, ""AP_agnostic"": 0.121, ""Num_Instances"": 153.0}, {""Scene"": ""room1"", ""mIoU"": 0.3156649370464805, ""mAcc"": 0.45257073509421714, ""AP_agnostic"": 0.129, ""Num_Instances"": 96.0}, {""Scene"": ""room2"", ""mIoU"": 0.28519729786523595, ""mAcc"": 0.3552796519243549, ""AP_agnostic"": 0.068, ""Num_Instances"": 109.0}]",,0.8352250499948076,0.23301981361273125,0.5367663185416978,0.927322451389549,0.27220801836397585,3.0
aggressive,opt-aggressive-16,20260614_GT_CLIP_opt-aggressive-16_74e5a,5fb61fe,2026-06-14T11:31:33.692230,500.608712,"[""cooccurrence"", ""aabb"", ""cos_sim"", ""overlap""]",0.23261852664886645,0.3422263877056968,0.0,0.123,84.0,8,"[{""Scene"": ""office0"", ""mIoU"": 0.19038339345040323, ""mAcc"": 0.2764943142584512, ""AP_agnostic"": 0.012, ""Num_Instances"": 108.0}, {""Scene"": ""office1"", ""mIoU"": 0.16473712869292076, ""mAcc"": 0.2878410247163703, ""AP_agnostic"": 0.08, ""Num_Instances"": 62.0}, {""Scene"": ""office2"", ""mIoU"": 0.26838314142793523, ""mAcc"": 0.3361688584276257, ""AP_agnostic"": 0.125, ""Num_Instances"": 109.0}, {""Scene"": ""office3"", ""mIoU"": 0.24485810658978183, ""mAcc"": 0.32183975640267887, ""AP_agnostic"": 0.15, ""Num_Instances"": 171.0}, {""Scene"": ""office4"", ""mIoU"": 0.4300203786408306, ""mAcc"": 0.543860939244374, ""AP_agnostic"": 0.172, ""Num_Instances"": 112.0}, {""Scene"": ""room0"", ""mIoU"": 0.26384551515384547, ""mAcc"": 0.3343936723111302, ""AP_agnostic"": 0.157, ""Num_Instances"": 128.0}, {""Scene"": ""room1"", ""mIoU"": 0.2866713061111861, ""mAcc"": 0.4072735310907733, ""AP_agnostic"": 0.186, ""Num_Instances"": 84.0}, {""Scene"": ""room2"", ""mIoU"": 0.2645270756665456, ""mAcc"": 0.32913134432807156, ""AP_agnostic"": 0.061, ""Num_Instances"": 96.0}]",,0.7009442786285183,0.02711735548834665,0.2647348561959827,0.7572287127079489,0.3363846850687012,9.0
aggressive,opt-aggressive-17,20260614_GT_CLIP_opt-aggressive-17_40b6a,5fb61fe,2026-06-14T11:39:54.337136,404.800602,"[""cooccurrence"", ""aabb"", ""cos_sim"", ""overlap""]",0.21524553459898146,0.30989684973199033,0.0,0.065,60.0,8,"[{""Scene"": ""office0"", ""mIoU"": 0.19883021863875755, ""mAcc"": 0.28215984628450297, ""AP_agnostic"": 0.001, ""Num_Instances"": 58.0}, {""Scene"": ""office1"", ""mIoU"": 0.16216967272447264, ""mAcc"": 0.2964797837798443, ""AP_agnostic"": 0.079, ""Num_Instances"": 39.0}, {""Scene"": ""office2"", ""mIoU"": 0.2137441463961887, ""mAcc"": 0.27070185788729595, ""AP_agnostic"": 0.064, ""Num_Instances"": 74.0}, {""Scene"": ""office3"", ""mIoU"": 0.2237466806964143, ""mAcc"": 0.29786589044485995, ""AP_agnostic"": 0.1, ""Num_Instances"": 111.0}, {""Scene"": ""office4"", ""mIoU"": 0.3825813368565677, ""mAcc"": 0.49160493460518473, ""AP_agnostic"": 0.069, ""Num_Instances"": 91.0}, {""Scene"": ""room0"", ""mIoU"": 0.22005379207081285, ""mAcc"": 0.2799516521424054, ""AP_agnostic"": 0.084, ""Num_Instances"": 89.0}, {""Scene"": ""room1"", ""mIoU"": 0.24255637210364214, ""mAcc"": 0.3618830394465241, ""AP_agnostic"": 0.102, ""Num_Instances"": 60.0}, {""Scene"": ""room2"", ""mIoU"": 0.2407832495143584, ""mAcc"": 0.30810427046401045, ""AP_agnostic"": 0.011, ""Num_Instances"": 65.0}]",,0.7390282248474103,0.27411861269930604,0.349575337489325,0.8443880722981948,0.3899980123443719,6.0
aggressive,opt-aggressive-18,20260614_GT_CLIP_opt-aggressive-18_d9990,5fb61fe,2026-06-14T11:46:39.176597,374.221472,"[""cooccurrence"", ""aabb"", ""cos_sim"", ""overlap""]",0.2328523594709115,0.347635012410377,0.0,0.073,151.0,8,"[{""Scene"": ""office0"", ""mIoU"": 0.18251354050407123, ""mAcc"": 0.26909014961542327, ""AP_agnostic"": 0.002, ""Num_Instances"": 244.0}, {""Scene"": ""office1"", ""mIoU"": 0.16681912769444013, ""mAcc"": 0.297578567793338, ""AP_agnostic"": 0.057, ""Num_Instances"": 110.0}, {""Scene"": ""office2"", ""mIoU"": 0.22972605432532062, ""mAcc"": 0.2882628677290559, ""AP_agnostic"": 0.116, ""Num_Instances"": 170.0}, {""Scene"": ""office3"", ""mIoU"": 0.23482137526984076, ""mAcc"": 0.2994340963392405, ""AP_agnostic"": 0.098, ""Num_Instances"": 258.0}, {""Scene"": ""office4"", ""mIoU"": 0.42735076000835154, ""mAcc"": 0.5550137340876203, ""AP_agnostic"": 0.093, ""Num_Instances"": 207.0}, {""Scene"": ""room0"", ""mIoU"": 0.2755886136486273, ""mAcc"": 0.34206840511585185, ""AP_agnostic"": 0.086, ""Num_Instances"": 240.0}, {""Scene"": ""room1"", ""mIoU"": 0.32560573591114683, ""mAcc"": 0.45743003152940864, ""AP_agnostic"": 0.081, ""Num_Instances"": 151.0}, {""Scene"": ""room2"", ""mIoU"": 0.2500246209220225, ""mAcc"": 0.318144817734153, ""AP_agnostic"": 0.032, ""Num_Instances"": 168.0}]",,0.9332808904608649,0.07091099081798817,0.24618794589727583,0.7604022764494237,0.19639864884346897,5.0
aggressive,opt-aggressive-19,20260614_GT_CLIP_opt-aggressive-19_fc411,5fb61fe,2026-06-14T11:52:53.437065,528.910344,"[""cooccurrence"", ""aabb"", ""cos_sim"", ""overlap""]",0.23114514845288037,0.34607975871951624,0.0,0.125,89.0,8,"[{""Scene"": ""office0"", ""mIoU"": 0.18935357586941043, ""mAcc"": 0.27399224756690826, ""AP_agnostic"": 0.013, ""Num_Instances"": 117.0}, {""Scene"": ""office1"", ""mIoU"": 0.16447615987101763, ""mAcc"": 0.2875286750778603, ""AP_agnostic"": 0.069, ""Num_Instances"": 67.0}, {""Scene"": ""office2"", ""mIoU"": 0.26968355398225935, ""mAcc"": 0.3379474569923687, ""AP_agnostic"": 0.124, ""Num_Instances"": 111.0}, {""Scene"": ""office3"", ""mIoU"": 0.2717016181467916, ""mAcc"": 0.35062037346645974, ""AP_agnostic"": 0.142, ""Num_Instances"": 179.0}, {""Scene"": ""office4"", ""mIoU"": 0.46115997967543887, ""mAcc"": 0.5750959399727655, ""AP_agnostic"": 0.234, ""Num_Instances"": 117.0}, {""Scene"": ""room0"", ""mIoU"": 0.23876902139109848, ""mAcc"": 0.30841261468761005, ""AP_agnostic"": 0.149, ""Num_Instances"": 128.0}, {""Scene"": ""room1"", ""mIoU"": 0.2887788831875932, ""mAcc"": 0.40938219957563304, ""AP_agnostic"": 0.185, ""Num_Instances"": 89.0}, {""Scene"": ""room2"", ""mIoU"": 0.2663588920043538, ""mAcc"": 0.3320247257818137, ""AP_agnostic"": 0.065, ""Num_Instances"": 98.0}]",,0.7009442786285183,0.02711735548834665,0.3738508717482608,0.927322451389549,0.27220801836397585,9.0
aggressive,opt-aggressive-20,20260614_GT_CLIP_opt-aggressive-20_6b229,5fb61fe,2026-06-14T12:01:42.386360,483.174,"[""cooccurrence"", ""aabb"", ""cos_sim"", ""overlap""]",0.19870697319335104,0.2966833742473493,0.0,0.095,63.0,8,"[{""Scene"": ""office0"", ""mIoU"": 0.16975439056846706, ""mAcc"": 0.24732286219106617, ""AP_agnostic"": 0.002, ""Num_Instances"": 66.0}, {""Scene"": ""office1"", ""mIoU"": 0.17862531167228518, ""mAcc"": 0.30404538786861657, ""AP_agnostic"": 0.069, ""Num_Instances"": 42.0}, {""Scene"": ""office2"", ""mIoU"": 0.20875605046555315, ""mAcc"": 0.26858805234505234, ""AP_agnostic"": 0.109, ""Num_Instances"": 76.0}, {""Scene"": ""office3"", ""mIoU"": 0.19448644740485513, ""mAcc"": 0.2595987333294066, ""AP_agnostic"": 0.117, ""Num_Instances"": 119.0}, {""Scene"": ""office4"", ""mIoU"": 0.37769199185428526, ""mAcc"": 0.48151792786627406, ""AP_agnostic"": 0.153, ""Num_Instances"": 103.0}, {""Scene"": ""room0"", ""mIoU"": 0.23595607817530873, ""mAcc"": 0.29181102631977107, ""AP_agnostic"": 0.129, ""Num_Instances"": 94.0}, {""Scene"": ""room1"", ""mIoU"": 0.23593511826000313, ""mAcc"": 0.3571637685482287, ""AP_agnostic"": 0.103, ""Num_Instances"": 63.0}, {""Scene"": ""room2"", ""mIoU"": 0.25780538517559576, ""mAcc"": 0.32607286359692805, ""AP_agnostic"": 0.052, ""Num_Instances"": 75.0}]",,0.652836161352571,0.2242897299346579,0.5825344828131279,0.9276162969382312,0.1394220566903776,6.0
aggressive,opt-aggressive-21,20260614_GT_CLIP_opt-aggressive-21_f218d,5fb61fe,2026-06-14T12:09:45.599076,369.011345,"[""cooccurrence"", ""aabb"", ""cos_sim"", ""overlap""]",0.2332812435962355,0.3484907779038557,0.0,0.076,149.0,8,"[{""Scene"": ""office0"", ""mIoU"": 0.18269355046739122, ""mAcc"": 0.26890772278959035, ""AP_agnostic"": 0.003, ""Num_Instances"": 239.0}, {""Scene"": ""office1"", ""mIoU"": 0.16669230446549865, ""mAcc"": 0.2974455317748679, ""AP_agnostic"": 0.057, ""Num_Instances"": 109.0}, {""Scene"": ""office2"", ""mIoU"": 0.22972605432532062, ""mAcc"": 0.2882628677290559, ""AP_agnostic"": 0.122, ""Num_Instances"": 171.0}, {""Scene"": ""office3"", ""mIoU"": 0.2349310870761838, ""mAcc"": 0.29953957750045024, ""AP_agnostic"": 0.108, ""Num_Instances"": 263.0}, {""Scene"": ""office4"", ""mIoU"": 0.4271751855244021, ""mAcc"": 0.5546521245099808, ""AP_agnostic"": 0.097, ""Num_Instances"": 202.0}, {""Scene"": ""room0"", ""mIoU"": 0.2754801563340167, ""mAcc"": 0.3420222964937819, ""AP_agnostic"": 0.083, ""Num_Instances"": 236.0}, {""Scene"": ""room1"", ""mIoU"": 0.3254040978449394, ""mAcc"": 0.4573624345718118, ""AP_agnostic"": 0.084, ""Num_Instances"": 149.0}, {""Scene"": ""room2"", ""mIoU"": 0.2520448484506607, ""mAcc"": 0.3209872348543964, ""AP_agnostic"": 0.032, ""Num_Instances"": 165.0}]",,0.9273805889770275,0.06514196043112123,0.5975133706123892,0.8216935475005646,0.28403060953001485,2.0
aggressive,opt-aggressive-22,20260614_GT_CLIP_opt-aggressive-22_030cd,5fb61fe,2026-06-14T12:15:54.650947,369.388372,"[""cooccurrence"", ""aabb"", ""cos_sim"", ""overlap""]",0.23274004752221913,0.3474110768503889,0.0,0.068,146.0,8,"[{""Scene"": ""office0"", ""mIoU"": 0.18194616137352687, ""mAcc"": 0.26840398086748773, ""AP_agnostic"": 0.001, ""Num_Instances"": 246.0}, {""Scene"": ""office1"", ""mIoU"": 0.16681912769444013, ""mAcc"": 0.297578567793338, ""AP_agnostic"": 0.057, ""Num_Instances"": 110.0}, {""Scene"": ""office2"", ""mIoU"": 0.22971256289579736, ""mAcc"": 0.2883096022668173, ""AP_agnostic"": 0.111, ""Num_Instances"": 159.0}, {""Scene"": ""office3"", ""mIoU"": 0.23414413711181564, ""mAcc"": 0.2988643940389247, ""AP_agnostic"": 0.087, ""Num_Instances"": 246.0}, {""Scene"": ""office4"", ""mIoU"": 0.4273131664551685, ""mAcc"": 0.5541936818681992, ""AP_agnostic"": 0.074, ""Num_Instances"": 196.0}, {""Scene"": ""room0"", ""mIoU"": 0.27563238907965226, ""mAcc"": 0.3420960056872827, ""AP_agnostic"": 0.086, ""Num_Instances"": 232.0}, {""Scene"": ""room1"", ""mIoU"": 0.32561474766991877, ""mAcc"": 0.45743645607115807, ""AP_agnostic"": 0.081, ""Num_Instances"": 146.0}, {""Scene"": ""room2"", ""mIoU"": 0.25130750838905985, ""mAcc"": 0.31937473857837956, ""AP_agnostic"": 0.028, ""Num_Instances"": 163.0}]",,0.9369578966010093,0.2462737062780367,0.6374043008245924,0.9273921797377676,0.08332009328034067,7.0
aggressive,opt-aggressive-23,20260614_GT_CLIP_opt-aggressive-23_079f8,5fb61fe,2026-06-14T12:22:04.079026,352.975993,"[""cooccurrence"", ""aabb"", ""cos_sim"", ""overlap""]",0.2371055249904179,0.3512057155000181,0.0,0.091,110.0,8,"[{""Scene"": ""office0"", ""mIoU"": 0.18887682145128284, ""mAcc"": 0.2656462615391005, ""AP_agnostic"": 0.003, ""Num_Instances"": 172.0}, {""Scene"": ""office1"", ""mIoU"": 0.1685062202890421, ""mAcc"": 0.2977459661613058, ""AP_agnostic"": 0.059, ""Num_Instances"": 92.0}, {""Scene"": ""office2"", ""mIoU"": 0.225713229643059, ""mAcc"": 0.27855495108454215, ""AP_agnostic"": 0.077, ""Num_Instances"": 136.0}, {""Scene"": ""office3"", ""mIoU"": 0.23614659499682908, ""mAcc"": 0.3103888836223003, ""AP_agnostic"": 0.114, ""Num_Instances"": 196.0}, {""Scene"": ""office4"", ""mIoU"": 0.42991906985515843, ""mAcc"": 0.5565256933146044, ""AP_agnostic"": 0.142, ""Num_Instances"": 158.0}, {""Scene"": ""room0"", ""mIoU"": 0.2711279969420216, ""mAcc"": 0.3355845232077254, ""AP_agnostic"": 0.1, ""Num_Instances"": 183.0}, {""Scene"": ""room1"", ""mIoU"": 0.33561048672108806, ""mAcc"": 0.4606450335730953, ""AP_agnostic"": 0.162, ""Num_Instances"": 110.0}, {""Scene"": ""room2"", ""mIoU"": 0.26803215414240894, ""mAcc"": 0.33651167940223364, ""AP_agnostic"": 0.052, ""Num_Instances"": 136.0}]",,0.883266871373772,0.21792005627733277,0.6374043008245924,0.8956828639973974,0.442157265584473,13.0
aggressive,opt-aggressive-24,20260614_GT_CLIP_opt-aggressive-24_ef67d,5fb61fe,2026-06-14T12:27:57.094802,501.041468,"[""cooccurrence"", ""aabb"", ""cos_sim"", ""overlap""]",0.23058478911841884,0.3402370719854554,0.0,0.123,81.0,8,"[{""Scene"": ""office0"", ""mIoU"": 0.187051196329218, ""mAcc"": 0.2733021711248816, ""AP_agnostic"": 0.01, ""Num_Instances"": 112.0}, {""Scene"": ""office1"", ""mIoU"": 0.16471499612528018, ""mAcc"": 0.28781908873893947, ""AP_agnostic"": 0.08, ""Num_Instances"": 60.0}, {""Scene"": ""office2"", ""mIoU"": 0.26809416089208205, ""mAcc"": 0.33582840540066977, ""AP_agnostic"": 0.126, ""Num_Instances"": 105.0}, {""Scene"": ""office3"", ""mIoU"": 0.24397435607471146, ""mAcc"": 0.3213151174032144, ""AP_agnostic"": 0.155, ""Num_Instances"": 167.0}, {""Scene"": ""office4"", ""mIoU"": 0.45454019474889895, ""mAcc"": 0.5765785632175763, ""AP_agnostic"": 0.184, ""Num_Instances"": 108.0}, {""Scene"": ""room0"", ""mIoU"": 0.24801277943506028, ""mAcc"": 0.3199233912703266, ""AP_agnostic"": 0.147, ""Num_Instances"": 127.0}, {""Scene"": ""room1"", ""mIoU"": 0.2995190715919296, ""mAcc"": 0.42588303473253525, ""AP_agnostic"": 0.19, ""Num_Instances"": 81.0}, {""Scene"": ""room2"", ""mIoU"": 0.2616563124258814, ""mAcc"": 0.3274685489693016, ""AP_agnostic"": 0.06, ""Num_Instances"": 96.0}]",,0.7009442786285183,0.02711735548834665,0.2647348561959827,0.8862553508382698,0.3363846850687012,13.0
aggressive,opt-aggressive-25,20260614_GT_CLIP_opt-aggressive-25_c70c2,5fb61fe,2026-06-14T12:36:18.175053,444.363377,"[""cooccurrence"", ""aabb"", ""cos_sim"", ""overlap""]",0.21439983542035101,0.3032365004282795,0.0,0.069,59.0,8,"[{""Scene"": ""office0"", ""mIoU"": 0.1727460123562582, ""mAcc"": 0.2507685277305574, ""AP_agnostic"": 0.002, ""Num_Instances"": 58.0}, {""Scene"": ""office1"", ""mIoU"": 0.18467825548194208, ""mAcc"": 0.31612816692707574, ""AP_agnostic"": 0.078, ""Num_Instances"": 38.0}, {""Scene"": ""office2"", ""mIoU"": 0.22346080355031597, ""mAcc"": 0.2857558830175874, ""AP_agnostic"": 0.075, ""Num_Instances"": 73.0}, {""Scene"": ""office3"", ""mIoU"": 0.22714211571529283, ""mAcc"": 0.30091900254221715, ""AP_agnostic"": 0.105, ""Num_Instances"": 111.0}, {""Scene"": ""office4"", ""mIoU"": 0.3766037552516534, ""mAcc"": 0.4809350670492209, ""AP_agnostic"": 0.067, ""Num_Instances"": 95.0}, {""Scene"": ""room0"", ""mIoU"": 0.2323446312132091, ""mAcc"": 0.2901234721840677, ""AP_agnostic"": 0.096, ""Num_Instances"": 90.0}, {""Scene"": ""room1"", ""mIoU"": 0.22882789671529138, ""mAcc"": 0.3523142930652742, ""AP_agnostic"": 0.086, ""Num_Instances"": 59.0}, {""Scene"": ""room2"", ""mIoU"": 0.23777676264733172, ""mAcc"": 0.3044631579682413, ""AP_agnostic"": 0.024, ""Num_Instances"": 66.0}]",,0.5459058935830005,0.22495830370719339,0.559195090518222,0.7929111135437883,0.2728296095500716,6.0
aggressive,opt-aggressive-26,20260614_GT_CLIP_opt-aggressive-26_a162c,5fb61fe,2026-06-14T12:43:42.577988,367.800537,"[""cooccurrence"", ""aabb"", ""cos_sim"", ""overlap""]",0.23430610264871632,0.34941980889105767,0.0,0.071,139.0,8,"[{""Scene"": ""office0"", ""mIoU"": 0.18751600728198406, ""mAcc"": 0.2707108693587976, ""AP_agnostic"": 0.003, ""Num_Instances"": 221.0}, {""Scene"": ""office1"", ""mIoU"": 0.1666926050685134, ""mAcc"": 0.29744584928326523, ""AP_agnostic"": 0.057, ""Num_Instances"": 108.0}, {""Scene"": ""office2"", ""mIoU"": 0.22929480361326446, ""mAcc"": 0.28771785727016835, ""AP_agnostic"": 0.09, ""Num_Instances"": 152.0}, {""Scene"": ""office3"", ""mIoU"": 0.23492071905094145, ""mAcc"": 0.2993667785817328, ""AP_agnostic"": 0.097, ""Num_Instances"": 231.0}, {""Scene"": ""office4"", ""mIoU"": 0.428331330518046, ""mAcc"": 0.5552888483659963, ""AP_agnostic"": 0.089, ""Num_Instances"": 175.0}, {""Scene"": ""room0"", ""mIoU"": 0.2754936745489246, ""mAcc"": 0.34202969633100955, ""AP_agnostic"": 0.083, ""Num_Instances"": 217.0}, {""Scene"": ""room1"", ""mIoU"": 0.32583332950554256, ""mAcc"": 0.4581495357514587, ""AP_agnostic"": 0.094, ""Num_Instances"": 139.0}, {""Scene"": ""room2"", ""mIoU"": 0.2526840471713157, ""mAcc"": 0.3216269981850274, ""AP_agnostic"": 0.032, ""Num_Instances"": 158.0}]",,0.9195027292902895,0.1710158277363822,0.2647348561959827,0.7572287127079489,0.3363846850687012,9.0
aggressive,opt-aggressive-27,20260614_GT_CLIP_opt-aggressive-27_6417b,5fb61fe,2026-06-14T12:49:50.420327,521.489006,"[""cooccurrence"", ""aabb"", ""cos_sim"", ""overlap""]",0.2352966139660894,0.34886117784188553,0.0,0.112,93.0,8,"[{""Scene"": ""office0"", ""mIoU"": 0.19503060812211298, ""mAcc"": 0.2800746063400449, ""AP_agnostic"": 0.009, ""Num_Instances"": 126.0}, {""Scene"": ""office1"", ""mIoU"": 0.17809223085211406, ""mAcc"": 0.30188804830577276, ""AP_agnostic"": 0.063, ""Num_Instances"": 80.0}, {""Scene"": ""office2"", ""mIoU"": 0.25545406572819557, ""mAcc"": 0.3186791028984353, ""AP_agnostic"": 0.118, ""Num_Instances"": 122.0}, {""Scene"": ""office3"", ""mIoU"": 0.2667454235359807, ""mAcc"": 0.3463729822893467, ""AP_agnostic"": 0.14, ""Num_Instances"": 191.0}, {""Scene"": ""office4"", ""mIoU"": 0.46199136952942205, ""mAcc"": 0.5737017192877532, ""AP_agnostic"": 0.185, ""Num_Instances"": 132.0}, {""Scene"": ""room0"", ""mIoU"": 0.24336684214998167, ""mAcc"": 0.3145268222125575, ""AP_agnostic"": 0.136, ""Num_Instances"": 144.0}, {""Scene"": ""room1"", ""mIoU"": 0.29824635716334486, ""mAcc"": 0.42171826566818127, ""AP_agnostic"": 0.163, ""Num_Instances"": 93.0}, {""Scene"": ""room2"", ""mIoU"": 0.2647233870326284, ""mAcc"": 0.3309042146405486, ""AP_agnostic"": 0.059, ""Num_Instances"": 113.0}]",,0.580146338133027,0.03821444603587826,0.6844640930984376,0.9276162969382312,0.1394220566903776,3.0
aggressive,opt-aggressive-28,20260614_GT_CLIP_opt-aggressive-28_7f13d,5fb61fe,2026-06-14T12:58:31.947786,375.424217,"[""cooccurrence"", ""aabb"", ""cos_sim"", ""overlap""]",0.23290868874708132,0.34764619336843455,0.0,0.072,147.0,8,"[{""Scene"": ""office0"", ""mIoU"": 0.18256411066187497, ""mAcc"": 0.26916112647812956, ""AP_agnostic"": 0.002, ""Num_Instances"": 242.0}, {""Scene"": ""office1"", ""mIoU"": 0.16681912769444013, ""mAcc"": 0.297578567793338, ""AP_agnostic"": 0.057, ""Num_Instances"": 110.0}, {""Scene"": ""office2"", ""mIoU"": 0.22971256289579736, ""mAcc"": 0.2883096022668173, ""AP_agnostic"": 0.104, ""Num_Instances"": 158.0}, {""Scene"": ""office3"", ""mIoU"": 0.2348221985991443, ""mAcc"": 0.2994347861794244, ""AP_agnostic"": 0.095, ""Num_Instances"": 243.0}, {""Scene"": ""office4"", ""mIoU"": 0.42737053409005993, ""mAcc"": 0.5550328437812352, ""AP_agnostic"": 0.094, ""Num_Instances"": 193.0}, {""Scene"": ""room0"", ""mIoU"": 0.2756125582131015, ""mAcc"": 0.3420894854010956, ""AP_agnostic"": 0.086, ""Num_Instances"": 227.0}, {""Scene"": ""room1"", ""mIoU"": 0.3256116199348281, ""mAcc"": 0.4574336453341427, ""AP_agnostic"": 0.081, ""Num_Instances"": 147.0}, {""Scene"": ""room2"", ""mIoU"": 0.2500358587497166, ""mAcc"": 0.3181557838320745, ""AP_agnostic"": 0.032, ""Num_Instances"": 163.0}]",,0.9332808904608649,0.2115852474234039,0.3175897174514871,0.7604022764494237,0.19639864884346897,6.0
aggressive,opt-aggressive-29,20260614_GT_CLIP_opt-aggressive-29_025e8,5fb61fe,2026-06-14T13:04:47.410976,371.242759,"[""cooccurrence"", ""aabb"", ""cos_sim"", ""overlap""]",0.23577390234980894,0.3517842247332232,0.0,0.099,121.0,8,"[{""Scene"": ""office0"", ""mIoU"": 0.19047218319167994, ""mAcc"": 0.2673604705795053, ""AP_agnostic"": 0.006, ""Num_Instances"": 201.0}, {""Scene"": ""office1"", ""mIoU"": 0.16684287556993205, ""mAcc"": 0.2977458947187169, ""AP_agnostic"": 0.058, ""Num_Instances"": 102.0}, {""Scene"": ""office2"", ""mIoU"": 0.22710202440497873, ""mAcc"": 0.28095452273406296, ""AP_agnostic"": 0.113, ""Num_Instances"": 162.0}, {""Scene"": ""office3"", ""mIoU"": 0.23588019920402642, ""mAcc"": 0.3099495405756621, ""AP_agnostic"": 0.126, ""Num_Instances"": 231.0}, {""Scene"": ""office4"", ""mIoU"": 0.42779775227204775, ""mAcc"": 0.5550245719506376, ""AP_agnostic"": 0.142, ""Num_Instances"": 184.0}, {""Scene"": ""room0"", ""mIoU"": 0.27327019639040456, ""mAcc"": 0.33827718705806853, ""AP_agnostic"": 0.113, ""Num_Instances"": 217.0}, {""Scene"": ""room1"", ""mIoU"": 0.3257088765823238, ""mAcc"": 0.45801738185443147, ""AP_agnostic"": 0.148, ""Num_Instances"": 121.0}, {""Scene"": ""room2"", ""mIoU"": 0.2678818300661643, ""mAcc"": 0.33641603497351363, ""AP_agnostic"": 0.054, ""Num_Instances"": 148.0}]",,0.8770325809543986,0.04087418023033583,0.737654779954096,0.927322451389549,0.19310156373733878,3.0
aggressive,opt-aggressive-30,20260614_GT_CLIP_opt-aggressive-30_bf708,5fb61fe,2026-06-14T13:10:58.691855,444.249898,"[""cooccurrence"", ""aabb"", ""cos_sim"", ""overlap""]",0.21497853965930264,0.3096916665726738,0.0,0.056,58.0,8,"[{""Scene"": ""office0"", ""mIoU"": 0.17517573070412945, ""mAcc"": 0.24907393485993096, ""AP_agnostic"": 0.002, ""Num_Instances"": 56.0}, {""Scene"": ""office1"", ""mIoU"": 0.17521855954655577, ""mAcc"": 0.31081294265086057, ""AP_agnostic"": 0.071, ""Num_Instances"": 37.0}, {""Scene"": ""office2"", ""mIoU"": 0.2246499738202583, ""mAcc"": 0.2862527585128635, ""AP_agnostic"": 0.027, ""Num_Instances"": 68.0}, {""Scene"": ""office3"", ""mIoU"": 0.22534296068837772, ""mAcc"": 0.2998958582754186, ""AP_agnostic"": 0.085, ""Num_Instances"": 96.0}, {""Scene"": ""office4"", ""mIoU"": 0.3755369246776996, ""mAcc"": 0.4841539425556724, ""AP_agnostic"": 0.079, ""Num_Instances"": 83.0}, {""Scene"": ""room0"", ""mIoU"": 0.23797662242675904, ""mAcc"": 0.29697941351090923, ""AP_agnostic"": 0.065, ""Num_Instances"": 86.0}, {""Scene"": ""room1"", ""mIoU"": 0.25128221470584367, ""mAcc"": 0.3704709774537334, ""AP_agnostic"": 0.08, ""Num_Instances"": 58.0}, {""Scene"": ""room2"", ""mIoU"": 0.23167986638911947, ""mAcc"": 0.29401320092245364, ""AP_agnostic"": 0.033, ""Num_Instances"": 64.0}]",,0.5544584579768109,0.23301981361273125,0.5367663185416978,0.8261065457161093,0.07860125762871065,7.0
aggressive,opt-aggressive-31,20260614_GT_CLIP_opt-aggressive-31_25d0d,5fb61fe,2026-06-14T13:18:22.980514,566.024345,"[""cooccurrence"", ""aabb"", ""cos_sim"", ""overlap""]",0.23107654963358926,0.3466134754007737,0.0,0.123,92.0,8,"[{""Scene"": ""office0"", ""mIoU"": 0.1856838007876831, ""mAcc"": 0.270501888363129, ""AP_agnostic"": 0.01, ""Num_Instances"": 129.0}, {""Scene"": ""office1"", ""mIoU"": 0.1889364905663776, ""mAcc"": 0.3133541192063175, ""AP_agnostic"": 0.07, ""Num_Instances"": 72.0}, {""Scene"": ""office2"", ""mIoU"": 0.27329896682988153, ""mAcc"": 0.3375778248126543, ""AP_agnostic"": 0.125, ""Num_Instances"": 115.0}, {""Scene"": ""office3"", ""mIoU"": 0.2686864183585057, ""mAcc"": 0.3483814434536651, ""AP_agnostic"": 0.141, ""Num_Instances"": 186.0}, {""Scene"": ""office4"", ""mIoU"": 0.4595441892485303, ""mAcc"": 0.5724251610777049, ""AP_agnostic"": 0.216, ""Num_Instances"": 121.0}, {""Scene"": ""room0"", ""mIoU"": 0.2364792030614886, ""mAcc"": 0.3059177068754259, ""AP_agnostic"": 0.151, ""Num_Instances"": 138.0}, {""Scene"": ""room1"", ""mIoU"": 0.2978034006072247, ""mAcc"": 0.42116299376291266, ""AP_agnostic"": 0.192, ""Num_Instances"": 92.0}, {""Scene"": ""room2"", ""mIoU"": 0.23569168062829582, ""mAcc"": 0.29951277361928313, ""AP_agnostic"": 0.056, ""Num_Instances"": 106.0}]",,0.5459058935830005,0.05081453886774949,0.769331322352,0.9720953676071487,0.2728296095500716,10.0
aggressive,opt-aggressive-32,20260614_GT_CLIP_opt-aggressive-32_82e66,5fb61fe,2026-06-14T13:27:49.044174,429.812377,"[""cooccurrence"", ""aabb"", ""cos_sim"", ""overlap""]",0.20564536381784027,0.2938908354828398,0.0,0.053,56.0,8,"[{""Scene"": ""office0"", ""mIoU"": 0.16019878378505478, ""mAcc"": 0.23938849670906923, ""AP_agnostic"": 0.0, ""Num_Instances"": 50.0}, {""Scene"": ""office1"", ""mIoU"": 0.17083452390684353, ""mAcc"": 0.3108207287727014, ""AP_agnostic"": 0.072, ""Num_Instances"": 37.0}, {""Scene"": ""office2"", ""mIoU"": 0.2159904146845454, ""mAcc"": 0.2778784642465412, ""AP_agnostic"": 0.034, ""Num_Instances"": 65.0}, {""Scene"": ""office3"", ""mIoU"": 0.20101254584977823, ""mAcc"": 0.2630489596564609, ""AP_agnostic"": 0.09, ""Num_Instances"": 93.0}, {""Scene"": ""office4"", ""mIoU"": 0.37406720887217115, ""mAcc"": 0.4837886456129545, ""AP_agnostic"": 0.083, ""Num_Instances"": 79.0}, {""Scene"": ""room0"", ""mIoU"": 0.22399510779614867, ""mAcc"": 0.28213881624354836, ""AP_agnostic"": 0.059, ""Num_Instances"": 82.0}, {""Scene"": ""room1"", ""mIoU"": 0.2328652192284469, ""mAcc"": 0.35827067503291504, ""AP_agnostic"": 0.071, ""Num_Instances"": 56.0}, {""Scene"": ""room2"", ""mIoU"": 0.1890384128770383, ""mAcc"": 0.25216934672626407, ""AP_agnostic"": 0.015, ""Num_Instances"": 57.0}]",,0.5544584579768109,0.26166895924516614,0.5739788760965348,0.8024250873846466,0.07860125762871065,7.0
aggressive,opt-aggressive-33,20260614_GT_CLIP_opt-aggressive-33_4d2df,5fb61fe,2026-06-14T13:34:58.895766,380.232528,"[""cooccurrence"", ""aabb"", ""cos_sim"", ""overlap""]",0.23250793725808336,0.34717013211455044,0.0,0.069,150.0,8,"[{""Scene"": ""office0"", ""mIoU"": 0.17914188952146481, ""mAcc"": 0.26506470134813415, ""AP_agnostic"": 0.0, ""Num_Instances"": 250.0}, {""Scene"": ""office1"", ""mIoU"": 0.16681912769444013, ""mAcc"": 0.297578567793338, ""AP_agnostic"": 0.057, ""Num_Instances"": 111.0}, {""Scene"": ""office2"", ""mIoU"": 0.22972605432532062, ""mAcc"": 0.2882628677290559, ""AP_agnostic"": 0.122, ""Num_Instances"": 167.0}, {""Scene"": ""office3"", ""mIoU"": 0.2341881485230248, ""mAcc"": 0.29881772603714923, ""AP_agnostic"": 0.086, ""Num_Instances"": 262.0}, {""Scene"": ""office4"", ""mIoU"": 0.4273107483802228, ""mAcc"": 0.5541740353073545, ""AP_agnostic"": 0.071, ""Num_Instances"": 202.0}, {""Scene"": ""room0"", ""mIoU"": 0.27560258601829374, ""mAcc"": 0.3420779703235855, ""AP_agnostic"": 0.08, ""Num_Instances"": 242.0}, {""Scene"": ""room1"", ""mIoU"": 0.3256044169169179, ""mAcc"": 0.4574275487411512, ""AP_agnostic"": 0.081, ""Num_Instances"": 150.0}, {""Scene"": ""room2"", ""mIoU"": 0.2500283323929748, ""mAcc"": 0.3181481937952628, ""AP_agnostic"": 0.034, ""Num_Instances"": 167.0}]",,0.9468357240126606,0.22495830370719339,0.559195090518222,0.7858842873017604,0.1201975341512912,7.0
aggressive,opt-aggressive-34,20260614_GT_CLIP_opt-aggressive-34_e136d,5fb61fe,2026-06-14T13:41:19.167453,373.593664,"[""cooccurrence"", ""aabb"", ""cos_sim"", ""overlap""]",0.23334191384598535,0.34849653999003494,0.0,0.076,145.0,8,"[{""Scene"": ""office0"", ""mIoU"": 0.1827445130607334, ""mAcc"": 0.2689790641462151, ""AP_agnostic"": 0.003, ""Num_Instances"": 231.0}, {""Scene"": ""office1"", ""mIoU"": 0.16669230446549865, ""mAcc"": 0.2974455317748679, ""AP_agnostic"": 0.057, ""Num_Instances"": 109.0}, {""Scene"": ""office2"", ""mIoU"": 0.22972763023500348, ""mAcc"": 0.28826426409899675, ""AP_agnostic"": 0.122, ""Num_Instances"": 165.0}, {""Scene"": ""office3"", ""mIoU"": 0.2349319105102354, ""mAcc"": 0.29954026734063405, ""AP_agnostic"": 0.108, ""Num_Instances"": 252.0}, {""Scene"": ""office4"", ""mIoU"": 0.4271698466280389, ""mAcc"": 0.5546509119587868, ""AP_agnostic"": 0.091, ""Num_Instances"": 191.0}, {""Scene"": ""room0"", ""mIoU"": 0.2754993565792182, ""mAcc"": 0.3420392109058587, ""AP_agnostic"": 0.083, ""Num_Instances"": 223.0}, {""Scene"": ""room1"", ""mIoU"": 0.3254099354392244, ""mAcc"": 0.45736519931813896, ""AP_agnostic"": 0.084, ""Num_Instances"": 145.0}, {""Scene"": ""room2"", ""mIoU"": 0.2520448484506607, ""mAcc"": 0.3209872348543964, ""AP_agnostic"": 0.032, ""Num_Instances"": 161.0}]",,0.9273805889770275,0.23301981361273125,0.5367663185416978,0.927322451389549,0.27220801836397585,3.0
aggressive,robust-lightknee-on-aggressive,20260614_GT_CLIP_robust-lightknee-on-aggressive_93d78,5fb61fe,2026-06-14T13:47:51.862242,532.871457,"[""cooccurrence"", ""aabb"", ""cos_sim"", ""overlap""]",0.23114514845288037,0.34607975871951624,0.0,0.125,89.0,8,"[{""Scene"": ""office0"", ""mIoU"": 0.18935357586941043, ""mAcc"": 0.27399224756690826, ""AP_agnostic"": 0.013, ""Num_Instances"": 117.0}, {""Scene"": ""office1"", ""mIoU"": 0.16447615987101763, ""mAcc"": 0.2875286750778603, ""AP_agnostic"": 0.069, ""Num_Instances"": 67.0}, {""Scene"": ""office2"", ""mIoU"": 0.26968355398225935, ""mAcc"": 0.3379474569923687, ""AP_agnostic"": 0.124, ""Num_Instances"": 111.0}, {""Scene"": ""office3"", ""mIoU"": 0.2717016181467916, ""mAcc"": 0.35062037346645974, ""AP_agnostic"": 0.142, ""Num_Instances"": 179.0}, {""Scene"": ""office4"", ""mIoU"": 0.46115997967543887, ""mAcc"": 0.5750959399727655, ""AP_agnostic"": 0.234, ""Num_Instances"": 117.0}, {""Scene"": ""room0"", ""mIoU"": 0.23876902139109848, ""mAcc"": 0.30841261468761005, ""AP_agnostic"": 0.149, ""Num_Instances"": 128.0}, {""Scene"": ""room1"", ""mIoU"": 0.2887788831875932, ""mAcc"": 0.40938219957563304, ""AP_agnostic"": 0.185, ""Num_Instances"": 89.0}, {""Scene"": ""room2"", ""mIoU"": 0.2663588920043538, ""mAcc"": 0.3320247257818137, ""AP_agnostic"": 0.065, ""Num_Instances"": 98.0}]",,0.7009442786285183,0.02711735548834665,0.3738508717482608,0.927322451389549,0.27220801836397585,9.0
light,robust-aggressiveknee-on-light,20260614_GT_CLIP_robust-aggressiveknee-on-light_f06e2,5fb61fe,2026-06-14T13:56:44.748199,423.293285,"[""cooccurrence"", ""aabb"", ""cos_sim"", ""overlap""]",0.27514056497524214,0.40304358816250313,0.0,0.216,78.0,8,"[{""Scene"": ""office0"", ""mIoU"": 0.2736495477181476, ""mAcc"": 0.359348751127903, ""AP_agnostic"": 0.15, ""Num_Instances"": 120.0}, {""Scene"": ""office1"", ""mIoU"": 0.17306950584149694, ""mAcc"": 0.32836369281076344, ""AP_agnostic"": 0.218, ""Num_Instances"": 67.0}, {""Scene"": ""office2"", ""mIoU"": 0.2643018466471511, ""mAcc"": 0.3294536934244369, ""AP_agnostic"": 0.19, ""Num_Instances"": 114.0}, {""Scene"": ""office3"", ""mIoU"": 0.2840778296182403, ""mAcc"": 0.347217919367292, ""AP_agnostic"": 0.221, ""Num_Instances"": 166.0}, {""Scene"": ""office4"", ""mIoU"": 0.4604376599857547, ""mAcc"": 0.5910196344385448, ""AP_agnostic"": 0.227, ""Num_Instances"": 111.0}, {""Scene"": ""room0"", ""mIoU"": 0.3352658915693516, ""mAcc"": 0.4011823544939203, ""AP_agnostic"": 0.232, ""Num_Instances"": 128.0}, {""Scene"": ""room1"", ""mIoU"": 0.39820268132985964, ""mAcc"": 0.5296570456140192, ""AP_agnostic"": 0.36, ""Num_Instances"": 78.0}, {""Scene"": ""room2"", ""mIoU"": 0.2637804178503335, ""mAcc"": 0.35014099153047845, ""AP_agnostic"": 0.172, ""Num_Instances"": 95.0}]",,0.580146338133027,0.03821444603587826,0.6844640930984376,0.9276162969382312,0.1394220566903776,3.0
